module_id,AL,BO,LO,PL_ALL,PL_P1,PL_P2,PL_P3,PL_P4,PL_SUB,UN,module_anno
M00119,14.547502498398673,18.540198037978385,3.2369715065271345,40.56229556414226,2.688729318142015,1.0998614178648407,1.1734430867038539,5.91916439234577,42.965435192662554,7.9435435001417165,"Pantothenate biosynthesis, valine/L-aspartate => pantothenate [PATH:map00770 map01100 map01110]"
M00080,4.140475423558032,2.393736785159976,0.6677998871085606,4.614304865477866,0.2083344317997251,,0.46412165732875005,1.024715052006364,5.781767244396411,1.0437647814505975,"Lipopolysaccharide biosynthesis, inner core => outer core => O-antigen [PATH:map00540 map01100]"
M00237,5.360651244413878,47.096112636051515,3.518077128591841,93.01618715816905,2.5279572448939973,0.49808514826796924,0.3920927950182258,2.688530724555236,53.75560499778051,4.279749561614213,Branched-chain amino acid transport system [PATH:map02010] [BR:ko02000]
M00022,13.722901906067653,8.974117749209022,2.3697324517044014,25.758456822434333,2.0382777580247344,1.4058187983433923,1.365257395536771,4.111569553305457,29.989880343651063,2.5787238704971926,"Shikimate pathway, phosphoenolpyruvate + erythrose-4P => chorismate [PATH:map00400 map01230 map01100 map01110 map01130]"
M00335,17.772486666644905,32.879956599311726,3.122522192935662,34.791934112490004,2.2059218926102098,1.7320168349471106,1.1127508687096623,7.0285652320939365,33.894350511977485,5.9890065009252105,Sec (secretion) system [PATH:map03070] [BR:ko02044]
M00096,20.383082105463448,25.48536677951519,3.3702530018885626,36.53113902404574,1.9159455556444707,1.6192417738946119,1.364650980214507,8.239357988193838,43.69311048123895,6.361100540711787,"C5 isoprenoid biosynthesis, non-mevalonate pathway [PATH:map00900 map01100 map01110]"
M00848,2.40267701807518,2.476696947086375,0.5210482497847466,4.1370399215485145,0.20971468648098554,0.29707452512643034,0.1310370817316452,0.8054830202954075,6.883852198048919,1.7516242389043317,"Aurachin biosynthesis, anthranilate => aurachin A [PATH:map00999 map01130]"
M00260,16.83540293674466,19.873343350047598,2.5746906760412758,32.97660952339523,2.289167321718628,1.0439077303409139,0.5756855223147305,6.702066471050703,33.59265008641065,3.951894843723785,"DNA polymerase III complex, bacteria [PATH:map03030 map03430 map03440] [BR:ko03032 ko03400]"
M00255,27.289346372375377,17.530541717769623,3.85497822589853,16.73770827423573,2.243975323458097,,1.9568424430173552,9.884906398010422,29.273616588037683,7.956639030788723,Lipoprotein-releasing system [PATH:map02010] [BR:ko02000]
M00173,8.390891765559509,16.558734084882555,1.4675343933454854,20.895155939665084,0.8777217364115816,0.514807537620639,0.6175233127965428,3.0688223856193635,21.530732224755397,2.2870328653667515,Reductive citrate cycle (Arnon-Buchanan cycle) [PATH:map00710 map01200 map01100 map01120]
M00009,11.016186288676785,19.745578682705037,1.745652208097738,24.860929174932238,1.348591146362933,0.3955405025342714,0.7964655481981234,3.5218132561878392,25.437123385771855,3.0089839544948505,"Citrate cycle (TCA cycle, Krebs cycle) [PATH:map00020 map01200 map01100]"
M00011,10.02104092454329,18.758443212797232,1.7341852746698352,22.206204494688293,1.327307300959455,0.3727727499486858,0.8497921174456271,3.285516795700275,23.39960981987954,2.6404873459746283,"Citrate cycle, second carbon oxidation, 2-oxoglutarate => oxaloacetate [PATH:map00020 map01200 map01100]"
M00150,,2.1942659600884458,1.2934158572867878,14.899007540971905,,,0.49195683870038825,,1.6269005000773018,,"Fumarate reductase, prokaryotes [PATH:map00190]"
M00178,26.748421963600013,95.50619972437664,3.803117964784929,56.0068965284047,1.342941883328248,1.2107488010852154,0.9395219592783572,11.229584049231928,50.196387678883994,11.676544958485126,"Ribosome, bacteria [PATH:map03010] [BR:ko03011]"
M00728,8.31771536234954,5.808010597958147,1.3487702522991558,9.093369129607922,0.48720932653028715,0.41287747346020676,0.34779529914364105,1.3551945332849697,10.640942015128562,1.9335253228560698,"Cationic antimicrobial peptide (CAMP) resistance, envelope protein folding and degrading"
M00349,,26.843282564906556,2.1055255738198855,5.622796259032073,,0.7458847721862255,,,3.8034782775250577,,Microcin C transport system [PATH:map02010] [BR:ko02000]
M00247,1.6101494625157438,14.551241285747242,,7.936551704157154,,,,,1.936137680769154,1.299183433000692,Putative ABC transport system [BR:ko02000]
M00016,15.432309202582289,24.279186390452804,3.0521115196606132,25.989002096782098,2.40621595280412,2.232994470332096,1.3135749210018446,6.637458514690677,26.51138088439709,3.4811545557887738,"Lysine biosynthesis, succinyl-DAP pathway, aspartate => lysine [PATH:map00300 map01230 map01100]"
M00028,8.491553746069384,7.810101633408359,1.9845814806037767,12.484813478847443,1.3065104841789177,0.6332923828306383,0.46819511912894246,2.835283071680279,12.721854878933192,3.747710890284979,"Ornithine biosynthesis, glutamate => ornithine [PATH:map00220 map01210 map01230 map01100]"
M00845,16.857044451195033,22.034426796840336,2.8271642684229095,25.625110977727093,1.9107863373044756,1.665291861203073,1.2012057803090168,6.988468986794727,28.292525487213776,7.124206687822026,"Arginine biosynthesis, glutamate => acetylcitrulline => arginine [PATH:map00220 map01230 map01100]"
M00307,8.22212954558784,22.337254922884085,2.086239401276382,22.50804582319251,1.4329679124090127,0.1552604664825474,0.6088882265534717,4.449824735623028,23.863000246703834,3.6853592669359836,"Pyruvate oxidation, pyruvate => acetyl-CoA [PATH:map00010 map00020 map00620 map01200 map01100]"
M00532,8.531574432390068,12.297325491703093,2.3096859049752534,27.81955393260498,1.8024403243668368,0.8481498620249792,0.20019642912974472,3.383548752331306,24.961854267200064,2.4230909331797044,Photorespiration [PATH:map00630 map01200 map01100 map01110]
M00036,13.891073701648136,12.906926579368582,2.1231350631548027,25.91807337591154,1.3377657033592474,0.13071603122052344,0.8554727357465711,4.048485393622757,29.903500224802727,4.459922698305143,"Leucine degradation, leucine => acetoacetate + acetyl-CoA [PATH:map00280 map01100]"
M00189,16.301206565499974,17.200528928511996,1.931722495748181,9.944455290073591,1.2516171601563983,2.9396970365252013,,5.788538855977705,30.063018992546326,0.8784174013122477,Molybdate transport system [PATH:map02010] [BR:ko02000]
M00190,1.0972734971748583,16.349387322432293,1.270380593984894,20.475299784040274,3.5383405304720035,,1.1155416601450818,,11.322870126305295,,Iron(III) transport system [PATH:map02010] [BR:ko02000]
M00093,18.726110157989904,12.681338287459806,3.7199866358406046,28.348348997064168,1.129069947063933,1.3453296342665058,1.1770986963481762,6.500741287912099,32.42428881597567,2.2026425210228346,"Phosphatidylethanolamine (PE) biosynthesis, PA => PS => PE [PATH:map00564 map01100]"
M00525,15.4739789013783,23.395928979218812,2.860941092912042,27.68202701336902,2.6531892333645866,2.56561717106268,1.5293865073172288,6.561319583309508,28.92773993573968,3.1369864215815007,"Lysine biosynthesis, acetyl-DAP pathway, aspartate => lysine [PATH:map00300 map01230 map01100]"
M00526,14.829815589817475,22.871655527212447,2.353658658436934,25.45014689766854,2.2996041617309166,2.05466964254765,1.4893823321788648,6.481310952484914,24.181663423172495,3.0391141167359272,"Lysine biosynthesis, DAP dehydrogenase pathway, aspartate => lysine [PATH:map00300 map01230 map01100]"
M00527,15.441937426474327,22.150652981725397,2.5748469836208376,26.545606893743773,2.58080730003559,2.309055453956412,1.6725171381972619,7.783179342638287,28.319386218108875,4.0861876299900555,"Lysine biosynthesis, DAP aminotransferase pathway, aspartate => lysine [PATH:map00300 map01230 map01110]"
M00394,15.932163436810622,43.48868444120022,3.2326495976596266,33.45078371823346,2.32817647981975,3.0576367662874397,0.9399147482315361,5.384181971528991,35.77241136832958,6.057261360510213,RNA degradosome [PATH:map03018]
M00188,11.389643396771532,33.90891786314308,2.8409930348950976,49.52175858697996,1.8854050330078729,0.9874497100524643,4.523159461658863,2.143679514480693,55.00343109176943,,NitT/TauT family transport system [BR:ko02000]
M00086,11.428458442583782,19.321990775457436,3.4590855450723463,27.816664415911717,3.3234580883232545,1.5788715950666787,,5.012221122922154,31.297045923604312,6.029333407707076,"beta-Oxidation, acyl-CoA synthesis [PATH:map00071 map01212 map01100]"
M00144,20.152081281849437,54.60796028497282,2.4747265189730934,55.60880631850065,0.5450447436327932,0.5764363026590943,1.9899467080209063,7.9997150486735995,43.060620376208945,18.0776531378691,"NADH:quinone oxidoreductase, prokaryotes [PATH:map00190]"
M00360,19.440200453782374,20.713978335641805,3.779762607709956,38.185679987420556,2.4153374389965068,1.5488069209416904,1.2436656414494467,7.670026745974704,49.34328427317969,6.126352288792039,"Aminoacyl-tRNA biosynthesis, prokaryotes [PATH:map00970]"
M00359,23.16036716205966,22.80676294682894,4.578984970854685,47.82895968511613,2.995036956098618,1.8826804382639128,1.5277783202365307,9.892698963907383,62.27008113490699,7.659008527146481,"Aminoacyl-tRNA biosynthesis, eukaryotes [PATH:map00970]"
M00082,11.287051860450369,11.023230866841427,2.061514016084764,22.443799739301603,1.485046745783314,0.8540183018758831,0.4201189670310428,3.748617966935215,26.586476893837578,2.798939836653335,"Fatty acid biosynthesis, initiation [PATH:map00061 map01212 map01100]"
M00083,11.090935101375958,14.778290890351638,2.0152088972751385,23.99926720511463,1.498398329483789,1.3037623750108152,0.9811452245632786,3.473472847343162,27.127189446389544,4.3777743297569955,"Fatty acid biosynthesis, elongation [PATH:map00061 map01212 map01100]"
M00089,3.0215228685870787,2.3455340534977838,0.5893871242330706,5.503628923898103,0.6603163252052758,0.2846467097170894,0.12039429411166923,1.0346657438908227,7.373983212040916,1.4760046715234785,Triacylglycerol biosynthesis [PATH:map00561 map01100]
M00346,10.666161605944469,17.08553903313758,2.542775827375235,32.50701368992235,1.5966713116497917,2.1508505158614737,0.5889820034626725,4.805318729687902,26.34400624347198,2.12346882461952,"Formaldehyde assimilation, serine pathway [PATH:map00680 map01200 map01120]"
M00125,7.880859120435734,8.18448690325354,1.183897011318439,5.990607629787218,1.7959784015647142,0.15678296920745732,0.4939807406609882,2.401278630988825,13.21457246431836,1.1993551716162048,"Riboflavin biosynthesis, GTP => riboflavin/FMN/FAD [PATH:map00740 map01100 map01110]"
M00140,16.764722266880838,63.2612108030086,3.9364073190005664,41.792124905549024,2.2842317830823227,1.1859512093211124,0.9182408940707605,8.262943972811163,58.54493765981718,4.921329114545211,"C1-unit interconversion, prokaryotes [PATH:map00670 map01100]"
M00141,4.8618325851962805,14.287977455096811,1.4138674870548742,20.088469035328682,1.1614884921773263,0.8894634069908343,,3.1007052456587623,14.567304911227463,0.8149157332425969,"C1-unit interconversion, eukaryotes [PATH:map00670 map01100]"
M00014,5.179733568631453,3.9993311067260877,0.8754225728191652,10.558766192742661,0.44560323855996625,0.7155325331532597,0.2113368741925814,2.3726243725602068,8.682711222670841,1.8625210623605506,Glucuronate pathway (uronate pathway) [PATH:map00040 map01100]
M00157,25.01479490764131,93.6637465902412,2.9736991745360855,73.15595841707383,0.9744255819160095,,,11.385796609034042,38.91401844719517,11.278904594055103,"F-type ATPase, prokaryotes and chloroplasts [PATH:map00190 map00195]"
M00179,13.428152577205122,58.98281409399308,1.6630565058923332,28.47733258229323,0.32526649786726863,0.3384017460181022,0.7246855580444206,5.568277660437241,22.476074131678754,6.435583045970742,"Ribosome, archaea [PATH:map03010] [BR:ko03011]"
M00572,12.768889246277503,14.75314621254616,2.4533307117849663,29.67123142864506,1.8495489782414336,1.0867999175290597,0.9852170242538014,3.108870136077453,31.256717373501782,5.317222749667696,"Pimeloyl-ACP biosynthesis, BioC-BioH pathway, malonyl-ACP => pimeloyl-ACP [PATH:map00780 map01100]"
M00793,25.217505389120507,23.68661642039605,2.8369620620290394,57.47563829788937,2.21478972779979,3.55751933005369,1.612690635675091,12.129854490167073,52.99824933208113,10.710830304967372,dTDP-L-rhamnose biosynthesis [PATH:map00521 map00523 map01130]
M00207,0.42893403558288556,34.83890668487892,2.765372086660149,38.583121473256035,0.3443928392539844,3.718754371214093,,0.8614830962279514,36.40006946792642,3.1717125634475547,Putative multiple sugar transport system [BR:ko02000]
M00374,8.255676332900034,19.350221198700247,1.712745813621024,21.602921853594324,1.1168129439101704,0.7379265541155995,0.8627419784176544,3.3497376788176263,23.310684651373275,2.8288257174571636,Dicarboxylate-hydroxybutyrate cycle [PATH:map00710 map01200 map01120]
M00620,8.344529714602931,17.06305109716846,1.718096543197974,17.49146253305409,1.2249065588496892,0.2614313277806487,0.3714755679196177,2.3399869587289857,21.846157030844548,2.716809884366505,"Incomplete reductive citrate cycle, acetyl-CoA => oxoglutarate [PATH:map00710 map01200 map01120]"
M00168,8.31533512370505,14.228515267592496,1.5892597479793549,24.8883173433295,0.6107041593587574,1.1518097212521512,0.7290434129185275,4.925263474650044,22.887696243768733,2.022041100545642,"CAM (Crassulacean acid metabolism), dark [PATH:map00710 map01200 map01100 map01120]"
M00012,11.882286791065544,18.06108749375963,1.8783300855288387,26.940452857184166,1.0394766911793911,0.7005655325832106,1.0075254062055963,3.2703542055736565,29.91893968598997,3.15039588206909,Glyoxylate cycle [PATH:map00630 map01200 map01100 map01110]
M00740,10.92319937691027,18.996298286278513,1.3542962543564634,24.72391676326329,1.1473469410118804,0.26227888359296153,0.7226864745532217,3.9732950823587374,24.871879451670846,3.6229171080790725,Methylaspartate cycle [PATH:map00020 map00250 map00630 map01200 map01120]
M00535,16.048563598205956,20.984044126135508,2.1780259402902944,39.35870505937625,0.4877535780035289,3.1553682916363446,0.7893153169956736,8.775217817827249,43.02436351245674,9.522316819513987,"Isoleucine biosynthesis, pyruvate => 2-oxobutanoate [PATH:map00290 map01210 map01230 map01100]"
M00432,16.44652610421372,23.912497334403383,2.4455382529651484,44.229334283998966,0.7804057248056463,3.156134882387593,0.8535425996823933,7.798023290568867,46.30821702803052,8.504985319832846,"Leucine biosynthesis, 2-oxoisovalerate => 2-oxoisocaproate [PATH:map00290 map01210 map01230 map01100 map01110]"
M00018,13.213300602011662,22.34049201186494,2.4704965221460653,22.40914327677236,1.6968244135089903,1.7689319667108456,1.6772186760057193,5.573771796161303,29.699101056635612,3.126703706471591,"Threonine biosynthesis, aspartate => homoserine => threonine [PATH:map00260 map01230 map01100 map01110]"
M00017,12.334238390043325,26.449986336989063,2.2978337628791805,25.102279932504274,1.6365833152961593,1.5055948261532246,1.4132340467124442,5.625642241138538,26.24225324157935,5.099991582342216,"Methionine biosynthesis, apartate => homoserine => methionine [PATH:map00270 map01230 map01100]"
M00033,8.945459050320311,25.064036037847963,1.9526192523703003,19.419549829859555,1.8919789197617454,1.2265957081433538,1.173904899044038,3.999918639596183,21.609476592356074,1.700669750486719,"Ectoine biosynthesis, aspartate => ectoine [PATH:map00260 map01210 map01230 map01100 map01120]"
M00530,0.9059954586406556,6.16006357771361,0.43430201021150694,5.232274156692551,,,,1.7955991396934494,3.4047647080968195,,"Dissimilatory nitrate reduction, nitrate => ammonia [PATH:map00910 map01120]"
M00529,1.159391363451641,5.040052018129318,0.4905530026238761,8.258924239167861,0.39499262655076284,,0.10917015498096355,3.461243869685826,5.5051885213438485,0.31229894826009175,"Denitrification, nitrate => nitrogen [PATH:map00910 map01120]"
M00804,0.6183858640845039,9.240095366570417,,5.232274156692551,,,,1.7020875630026235,3.501062601026908,,"Complete nitrification, comammox, ammonia => nitrite => nitrate [PATH:map00910 map01120]"
M00001,8.595443373571403,7.996990103760247,1.402181614411417,19.794210200105173,1.4075775185069874,0.7118705682090276,0.610901719266981,4.412654578802931,25.52231209743636,3.3042485798064734,"Glycolysis (Embden-Meyerhof pathway), glucose => pyruvate [PATH:map00010 map01200 map01100]"
M00002,12.28584653770606,10.437380043917456,2.3053353380347046,32.24565745939684,2.269537820534589,0.7677351566665356,0.9987666432464546,5.502654232135013,36.74949530267866,4.711431895096506,"Glycolysis, core module involving three-carbon compounds [PATH:map00010 map01200 map01230 map01100]"
M00003,10.086613399826467,10.378176785057493,1.5883980298004268,28.04362858450307,1.5198766381859763,0.8401233065930144,0.7400152620140821,4.303309662459959,27.940924298284052,4.166915784963317,"Gluconeogenesis, oxaloacetate => fructose-6P [PATH:map00010 map00020 map01100]"
M00695,1.8014380083311634,2.3741841135976465,0.25032852427488084,3.4762100293614235,0.22459713018785948,0.2154219057825973,0.514271037210593,0.3190418250507724,3.911412416508861,1.3712552332356236,cAMP signaling [PATH:map04024]
M00019,19.60596583510446,28.643452867695288,3.582005342014136,51.37247855439456,1.6539192495903448,3.8588208131196815,1.008325904667928,8.407777434807855,47.32020573676087,11.289140919503405,"Valine/isoleucine biosynthesis, pyruvate => valine / 2-oxobutanoate => isoleucine [PATH:map00290 map01210 map01230 map01100 map01110]"
M00570,17.262359260179284,26.297020137249834,3.043063803239276,45.88627349441576,1.4256205325022768,3.266576371635356,0.9277669276723617,7.5675600496370485,41.28222069895427,10.037628559203887,"Isoleucine biosynthesis, threonine => 2-oxobutanoate => isoleucine [PATH:map00290 map01230 map01100]"
M00048,15.066040926037562,14.190774707551213,2.4358776043231507,25.584432314284644,1.8963728479659399,0.88733351142992,0.9995274299506756,4.839514167034764,33.577813322152664,1.803036833401244,"Inosine monophosphate biosynthesis, PRPP + glutamine => IMP [PATH:map00230 map01100]"
M00623,0.8676992927734412,11.108314504155155,,3.4602008069253305,,,,,0.6815761490559784,,"Phthalate degradation, phthalate => protocatechuate [PATH:map00624 map01220 map01100 map01120]"
M00010,16.655343352099894,25.339346345515917,1.8106314975225206,39.90436902964792,1.4691996036493074,0.5245577671859231,0.49428165579560285,4.860826532284041,36.983033592495,5.097131402776106,"Citrate cycle, first carbon oxidation, oxaloacetate => 2-oxoglutarate [PATH:map00020 map01200 map01210 map01230 map01100]"
M00049,13.689261143014141,22.8942980714766,3.0042442428257154,27.80417663340705,0.6153531493409667,0.6936995145300597,1.4107640651644957,6.349697747735226,39.34394895597911,3.9157435732731902,"Adenine ribonucleotide biosynthesis, IMP => ADP,ATP [PATH:map00230 map01100]"
M00020,10.663697390307943,20.695949833743697,2.9105854107773284,28.331164499355417,2.02235627123881,1.0530670817975285,0.856806570174925,6.57928361925625,30.856825504116475,5.083027058277762,"Serine biosynthesis, glycerate-3P => serine [PATH:map00260 map01200 map01230 map01100]"
M00222,27.558812942037395,16.967730501220373,3.1101833725672394,53.480769543008805,3.2795220198132795,6.424183142347706,2.0227889808182056,6.533729219689839,68.45879094510781,9.47688355322893,Phosphate transport system [PATH:map02010] [BR:ko02000]
M00434,19.59477347187315,12.797787782749753,2.8270659325345733,27.608120372001938,2.064804013653899,0.925301263570898,2.1216359869288874,7.965557095455253,35.07895283553014,3.0031815561971675,PhoR-PhoB (phosphate starvation response) two-component regulatory system [PATH:map02020] [BR:ko02022]
M00170,3.9042475438288498,6.555594777896367,1.6270520838697746,20.438976907250055,0.6250032953991753,1.1518097212521512,,4.515718836231794,16.554633904797917,2.0364323977571694,"C4-dicarboxylic acid cycle, phosphoenolpyruvate carboxykinase type [PATH:map00710 map01200 map01100 map01120]"
M00035,9.884344945451975,27.920592481774616,1.7880578611384041,17.559240116422394,1.6427060615150042,1.3125276986428018,1.0310961211692273,5.6896961460141595,33.95937607774952,4.878768540725676,Methionine degradation [PATH:map00270 map01100]
M00720,7.039843485750717,10.282307829397798,1.3967803106364776,7.581661494884807,,,,4.119250597904415,7.503205458016962,1.2822958837488,"Multidrug resistance, efflux pump VexEF-TolC"
M00821,2.5459940597969117,7.7117308720483475,1.047585232977358,5.686246121163605,,,,3.0894379484283117,5.627404093512721,0.9617219128116001,"Multidrug resistance, efflux pump TriABC-TolC"
M00325,3.3946587463958817,10.282307829397798,2.078677012927661,12.97551123504558,,,,4.119250597904415,7.503205458016962,1.2822958837488,alpha-Hemolysin/cyclolysin transport system [PATH:map02010 map03070] [BR:ko02044]
M00326,2.5459940597969117,7.7117308720483475,1.047585232977358,5.686246121163605,,,,3.0894379484283117,5.627404093512721,0.9617219128116001,RTX toxin transport system [BR:ko02044]
M00571,3.3946587463958817,10.282307829397798,1.3967803106364776,7.581661494884807,,,,4.119250597904415,7.503205458016962,1.2822958837488,AlgE-type Mannuronan C-5-Epimerase transport system [BR:ko02044]
M00339,3.3946587463958817,10.282307829397798,2.022821373985599,7.581661494884807,,,,4.119250597904415,8.401233578206474,1.2822958837488,RaxAB-RaxC type I secretion system [PATH:map04626] [BR:ko02044]
M00709,2.0367952478375293,6.169384697638678,0.8380681863818865,4.548996896930884,,,,2.6496172845790253,5.537595700363005,0.7693775302492801,"Macrolide resistance, MacAB-TolC transporter"
M00646,5.389903813317858,9.463099911741168,1.243173612962574,7.730374827212026,0.31313115944389214,0.6243846615951409,,4.43670452825143,16.305309531772533,1.4772238879767194,"Multidrug resistance, efflux pump AcrAD-TolC [PATH:map02020]"
M00647,4.960926034554177,5.834218803606156,0.9165428494806166,5.89324483185594,0.42699703560530744,,,2.884146097520714,8.140895020178474,0.9800775446677128,"Multidrug resistance, efflux pump AcrAB-TolC/SmeDEF"
M00575,2.0367952478375293,6.169384697638678,1.2472062077565966,7.785306741027349,,,,2.4715503587426495,4.501923274810177,0.7693775302492801,"Pertussis pathogenicity signature, T1SS [PATH:map05133]"
M00696,2.5459940597969117,7.7117308720483475,1.047585232977358,5.686246121163605,,,,3.0894379484283117,5.627404093512721,0.9617219128116001,"Multidrug resistance, efflux pump AcrEF-TolC"
M00697,2.5459940597969117,7.7117308720483475,1.047585232977358,5.686246121163605,,,,3.0894379484283117,5.627404093512721,0.9617219128116001,"Multidrug resistance, efflux pump MdtEF-TolC"
M00053,9.91836219525227,14.103786822906777,2.010942839724144,23.487969769375226,0.8658696104478797,1.2453549955313754,0.7348502040594158,4.331814624823813,20.879643966483176,2.758083544501331,"Pyrimidine deoxyribonuleotide biosynthesis, CDP/CTP => dCDP/dCTP,dTDP/dTTP [PATH:map00240 map01100]"
M00117,12.399819065528423,8.4165067984918,1.8281958866878065,15.284681088125526,0.5403260788137653,0.45855900401797245,0.7822768109002356,3.574975359231243,13.059093783243913,1.2135657659624897,"Ubiquinone biosynthesis, prokaryotes, chorismate => ubiquinone [PATH:map00130 map01100 map01110]"
M00555,4.368449318401283,4.254127277961711,0.6361263223655667,5.682005246010591,,0.8210485055109464,,0.4062049652626103,9.109036511326853,1.2877732923008256,"Betaine biosynthesis, choline => betaine [PATH:map00260 map01100]"
M00648,14.646718942140293,14.475254342350375,1.5649976076694219,2.8404506503375146,0.44800412620843433,0.6243846615951409,0.3185865069402639,,12.503368153652769,,"Multidrug resistance, efflux pump MdtABC [PATH:map02020]"
M00506,8.097567266081198,23.41603691118103,1.510236489270214,7.438420483421084,1.6263940524104943,0.33286755378387844,,2.3025511776655074,11.585822227445783,1.185347509667531,CheA-CheYBV (chemotaxis) two-component regulatory system [PATH:map02020 map02030] [BR:ko02022 ko02030 ko02035]
M00121,16.37811585379907,5.527819793219784,2.746713187221135,28.254258109397465,2.183197576578588,2.0480358822605242,0.9822014967564106,5.021884396032261,32.91212556850998,5.944605982511303,"Heme biosynthesis, glutamate => heme [PATH:map00860 map01100 map01110]"
M00151,4.815264969671762,2.9680687125030203,0.7381755234722863,10.241143379265068,0.9077166997030739,0.378531974505682,,,5.025171921574364,,Cytochrome bc1 complex respiratory unit [PATH:map00190]
M00152,3.4032379616741375,2.698244284093655,0.49956338470416684,3.8806229337895846,,0.3441199768233473,,,2.7769045592284285,,Cytochrome bc1 complex [PATH:map00190]
M00699,7.643901160029263,8.332370837868584,0.9446450980604296,7.862648140694474,0.7828278986097303,,,4.841963819753652,13.052362045692107,1.7334913350246102,"Multidrug resistance, efflux pump AmeABC"
M00718,11.096552535227078,8.332370837868584,1.4729076030943378,10.520177166440227,1.1742418479145955,,,4.841963819753652,15.9003910445756,1.7334913350246102,"Multidrug resistance, efflux pump MexAB-OprM"
M00595,,3.825456737848268,0.9827561066397303,11.911377189877612,,,,,3.2041601862600175,0.8451529224316863,"Thiosulfate oxidation by SOX complex, thiosulfate => sulfate [PATH:map00920 map01100 map01120]"
M00194,,11.599448334779867,0.9815787170000645,8.613927027396599,0.3443928392539844,0.8949515240588347,,,9.84724606718308,0.8958480818823297,Maltose/maltodextrin transport system [PATH:map02010] [BR:ko02000]
M00196,,14.499310418474833,1.6248838529086056,17.362907887850273,0.4304910490674805,0.7386398887860046,,,12.309057583978852,1.1198101023529121,Multiple sugar transport system [PATH:map02010] [BR:ko02000]
M00201,,11.599448334779867,1.488901431727402,23.94226073025166,0.3443928392539844,0.5909119110288037,,,27.452637453490453,0.8958480818823297,alpha-Glucoside transport system [PATH:map02010] [BR:ko02000]
M00605,,14.499310418474833,1.8674214854753708,10.767408784245749,0.4304910490674805,0.7386398887860046,,,12.309057583978852,1.1198101023529121,Glucose/mannose transport system [PATH:map02010] [BR:ko02000]
M00206,,14.499310418474833,0.9063947048351377,15.190473695968882,0.4304910490674805,0.7386398887860046,,,12.309057583978852,1.1198101023529121,Cellobiose transport system [PATH:map02010] [BR:ko02000]
M00606,,14.499310418474833,0.9063947048351377,10.767408784245749,0.4304910490674805,0.7386398887860046,,,27.19443028992141,1.1198101023529121,"N,N'-Diacetylchitobiose transport system [PATH:map02010] [BR:ko02000]"
M00197,,14.499310418474833,0.9063947048351377,10.767408784245749,0.4304910490674805,0.7386398887860046,,,12.309057583978852,1.1198101023529121,Putative fructooligosaccharide transport system [BR:ko02000]
M00200,,11.599448334779867,1.7229902666600707,8.613927027396599,0.3443928392539844,0.8949515240588347,,,9.84724606718308,0.8958480818823297,Putative sorbitol/mannitol transport system [PATH:map02010] [BR:ko02000]
M00602,,14.499310418474833,0.9063947048351377,10.767408784245749,0.4304910490674805,0.7386398887860046,,,12.309057583978852,1.1198101023529121,Arabinosaccharide transport system [PATH:map02010] [BR:ko02000]
M00491,,11.599448334779867,0.9815787170000645,8.613927027396599,0.3443928392539844,0.8949515240588347,,,11.686572033284925,0.8958480818823297,arabinogalactan oligomer/maltooligosaccharide transport system [PATH:map02010] [BR:ko02000]
M00005,29.82086300070162,50.03046114352358,5.938084104929368,75.68214819328932,4.112528534783498,2.979686094364763,2.895639475349771,6.286465756510606,42.58686481619072,4.652875971321558,"PRPP biosynthesis, ribose 5P => PRPP [PATH:map00030 map00230 map01200 map01230 map01100]"
M00844,17.678480188137993,20.813135681226022,2.856695978459133,29.94682958457964,2.207909330349147,1.3954748343962875,1.6924393863029545,5.130323411003655,33.523989448588836,4.7153531959180786,"Arginine biosynthesis, ornithine => arginine [PATH:map00220 map01230 map01100]"
M00029,14.331721494234335,16.01751139958763,2.4448282997769395,23.146604586218455,1.471939553566098,0.9303165562641916,1.1282929242019697,4.23049695202533,24.698581843764202,3.731514907984903,Urea cycle [PATH:map00220 map01230 map01100]
M00357,1.9081239986740366,4.222772296090202,0.3121904401682387,3.796108275585042,0.26677740463048855,0.10548842691834122,0.12311745558234415,0.8817422441950902,3.391186324686049,0.8338563940067522,"Methanogenesis, acetate => methane [PATH:map00680 map01200 map01120]"
M00239,21.014914781424416,43.534874552582934,5.418974831623877,61.07722402913259,4.671721938394759,3.731377854074256,2.7520694130204935,9.71413836025313,49.71371955130559,8.470852650532695,Peptides/nickel transport system [PATH:map02010] [BR:ko02000]
M00046,3.6250619630134806,6.605743677438345,0.8337770314402786,5.420861329925213,,0.28971628477632433,0.17321544214857962,3.298695321201618,11.448328224735889,,"Pyrimidine degradation, uracil => beta-alanine, thymine => 3-aminoisobutanoate [PATH:map00240 map01100]"
M00545,1.955567324987544,5.055555137688668,0.5721802214328959,5.352176675484491,,,,0.45968392925724916,5.314271191381869,,"Trans-cinnamate degradation, trans-cinnamate => acetyl-CoA [PATH:map00360 map01220 map01120]"
M00038,3.9207734904217837,5.783960533485274,1.1580778837072587,5.0163260055894305,0.5870181262116494,,0.7237729396561206,0.5020290486331763,10.826060015683996,0.3929512852688909,"Tryptophan metabolism, tryptophan => kynurenine => 2-aminomuconate [PATH:map00380 map01100]"
M00156,3.079336638469404,8.908639683379477,2.1319721342702636,16.979071540355516,0.2702499977596543,0.5553169652217845,0.5675523885628486,2.1665717429868554,8.115483761916003,,"Cytochrome c oxidase, cbb3-type [PATH:map00190]"
M00021,9.316395876013267,9.202931874060246,2.0810657762415015,14.113747245728895,,1.555632567766282,0.4677469737540841,2.3693054055268266,17.513847496888513,5.374627371387732,"Cysteine biosynthesis, serine => cysteine [PATH:map00270 map01200 map01230 map01100 map01110]"
M00232,,16.746907473548465,,,,1.503705694424347,,,2.837036820839618,,General L-amino acid transport system [PATH:map02010] [BR:ko02000]
M00376,12.375016832069905,20.790912697314127,1.8072003915597206,26.76168165206077,1.276638689817749,1.0010090223117671,1.0422207160202044,5.052743383514365,30.27944983287002,2.425579848466645,3-Hydroxypropionate bi-cycle [PATH:map00710 map01200 map01120]
M00149,20.293084141787133,58.5837184196059,3.350610380550616,43.23202771085578,1.2220393550275344,1.3573640377026313,3.2650029175511017,7.470685096073951,52.253162906815305,0.8582654024136187,"Succinate dehydrogenase, prokaryotes [PATH:map00190]"
M00375,3.954154045210514,8.07608628616157,0.8280339581467735,13.053064915195772,0.6645720563303052,0.7313295303829408,0.5050610664513084,2.077662932999943,12.206354302450169,2.0560481075108124,Hydroxypropionate-hydroxybutylate cycle [PATH:map00710 map01200 map01120]
M00373,9.385352133708926,19.712923599355555,1.638384527031873,20.790625410057817,0.8292423178972358,0.9599204609724497,0.08884714446958945,1.6365002203607857,15.636780038801474,1.5774190820473992,Ethylmalonyl pathway [PATH:map00630 map01200 map01120]
M00088,10.231562437852896,7.73001746650265,1.888608353451388,19.660422430447113,1.0924793995780386,0.6458419381368462,0.5722065780874959,3.580065583055142,27.336305904183078,5.143862152018922,"Ketone body biosynthesis, acetyl-CoA => acetoacetate/3-hydroxybutyrate/acetone [PATH:map00072 map01100]"
M00095,3.7383107694296127,5.854533602940068,0.8468835943834594,10.242465752003776,0.6827996247362742,0.4036512113355289,0.27733938240697953,2.043985476072444,10.46648979588623,2.0507898928365647,"C5 isoprenoid biosynthesis, mevalonate pathway [PATH:map00900 map01100 map01110]"
M00849,2.7187714686760818,4.25784262032005,0.6159153413697886,7.449066001457293,0.4965815452627449,0.2935645173349301,0.2984015673097281,1.48653489168905,7.6119925788263485,1.4914835584265924,"C5 isoprenoid biosynthesis, mevalonate pathway, archaea [PATH:map00900 map01110 map01130]"
M00497,12.080261657057127,22.502475296585562,1.9394198096616817,10.459972759355773,,,,1.7557700753296779,5.8743820919937875,,GlnL-GlnG (nitrogen regulation) two-component regulatory system [PATH:map02020] [BR:ko02022]
M00498,11.981257088713557,14.956966721285047,1.9574395586493174,4.591271970233257,,,,,3.282310975512946,1.5703185631200167,NtrY-NtrX (nitrogen regulation) two-component regulatory system [PATH:map02020] [BR:ko02022]
M00165,8.698455665990126,13.137803886177055,1.198642285981115,20.672760014655356,1.511138521499756,1.0497479324654533,0.46442243012425866,3.8129452171379437,23.224723103842518,3.7394717593400477,Reductive pentose phosphate cycle (Calvin cycle) [PATH:map00710 map01200 map01100 map01120]
M00167,9.29135541713024,15.040367078964817,0.9415982620356149,19.797658732739396,1.2260925254823432,1.1523322772274747,0.5542593176114531,4.046498580317831,21.99190498361217,3.2547583029004086,"Reductive pentose phosphate cycle, glyceraldehyde-3P => ribulose-5P [PATH:map00710 map01200 map01100 map01120]"
M00320,17.773948917648177,10.405698973453747,4.2389211000119795,17.995341107926848,2.0974359939366924,,1.0755658788322227,9.856230229300152,29.139922782304048,4.952829803226536,Lipopolysaccharide export system [PATH:map02010] [BR:ko02000]
M00377,4.892776126574182,14.80831682774567,0.9363039914458913,8.64407710821009,0.43406482403342717,0.4861246706022547,0.4307303391960651,2.2332096951455687,18.307436083607698,3.5537295486745952,Reductive acetyl-CoA pathway (Wood-Ljungdahl pathway) [PATH:map00710 map01200 map01120]
M00116,3.0150489141893155,3.2721931676122633,0.8291880277949801,13.2602300714783,2.869525238046571,1.9446160071919154,0.37529772262175665,2.0503605764371478,10.46797146789743,2.0312810537704586,"Menaquinone biosynthesis, chorismate => menaquinone [PATH:map00130 map01100 map01110]"
M00236,1.083510077298028,12.17707884193495,3.947664398999376,55.67427664856961,,,,1.8702551931106564,42.00343193334882,2.1554721509149752,Putative polar amino acid transport system [BR:ko02000]
M00254,32.66038077248355,51.329060495905765,7.451503219790064,120.08182866788212,6.075012822465943,3.1208683909361445,3.3733886147097776,12.657554110342886,118.15460250937215,16.13148338517292,ABC-2 type transport system [BR:ko02000]
M00050,18.141615177931648,21.676550844670466,3.6853580197567615,37.83476403354802,2.645417889812196,1.037512665291617,2.523566819314781,8.594026308176899,57.72733466616424,6.713036961698115,"Guanine ribonucleotide biosynthesis IMP => GDP,GTP [PATH:map00230 map01100]"
M00122,5.166153301977399,2.701069907682005,1.3089191845670534,11.626524879352306,1.0695813187699441,0.556393667376005,0.3529691360478268,0.7825909912667278,16.816124248308903,0.4710441160167669,"Cobalamin biosynthesis, cobinamide => cobalamin [PATH:map00860 map01100]"
M00701,18.027315449037275,13.996800215654726,3.234342890444326,11.779115063834826,1.3283038769208186,0.45655396218162,,5.987465781884417,10.918154660299843,2.9873675661384973,"Multidrug resistance, efflux pump EmrAB"
M00183,14.328103625479754,139.04799217616014,1.2502285762804342,26.63632313173601,0.6627802604908342,1.3664736156841282,0.3075043095749788,5.861837097976948,25.521821237891626,14.349665583375117,"RNA polymerase, bacteria [PATH:map03020] [BR:ko03021 ko03400]"
M00127,11.473618518157648,12.220416859951776,1.6642113497843218,18.6000423378539,0.48654119136631135,,1.012664873924686,3.900728669897531,23.361414453925576,2.50460128721545,"Thiamine biosynthesis, AIR => thiamine-P/thiamine-2P [PATH:map00730 map01100]"
M00051,12.42668701083679,21.554857408588017,2.289138077216136,28.052790303988942,1.4922341533916026,1.7987236613367295,1.3292611805327628,5.068341196778786,31.803682840563976,3.897808041880065,"Uridine monophosphate biosynthesis, glutamine (+ PRPP) => UMP [PATH:map00240 map01100]"
M00013,4.814893434217393,7.223659819004565,0.46334518395370283,6.098385580831985,1.0562332423819394,,,0.830713199629645,12.169201412514642,1.4641165158929095,"Malonate semialdehyde pathway, propanoyl-CoA => acetyl-CoA [PATH:map00640 map01200 map01100]"
M00064,5.7665634536067625,6.390981372945094,1.516909520745964,8.188103497656474,1.4882917869509562,,1.0375859043368816,6.278193059995506,16.28550303230891,4.343472063096377,ADP-L-glycero-D-manno-heptose biosynthesis [PATH:map00540 map01100]
M00541,,5.1422696324963555,0.6640824595612316,,,,,,,,"Benzoyl-CoA degradation, benzoyl-CoA => 3-hydroxypimeloyl-CoA [PATH:map00362 map01220 map01100 map01120]"
M00569,0.5185742463542452,3.6340106093189384,0.466268710324422,1.7360535216061725,0.11569173814826662,,0.17887950576099917,0.06716620130808663,2.6844201618852472,0.9923019935932542,"Catechol meta-cleavage, catechol => acetyl-CoA / 4-methylcatechol => propanoyl-CoA [PATH:map00362 map00622 map01220 map01100 map01120]"
M00632,18.46060172229982,12.432442714317457,2.8871326961481496,40.115134032873264,2.761527160301581,1.2332186849654945,0.9280728987628952,8.527798603825286,48.46996089823908,5.281458858064886,"Galactose degradation, Leloir pathway, galactose => alpha-D-glucose-1P [PATH:map00052 map01100]"
M00063,23.16872298061134,8.35991590891162,1.6532749871470216,16.18245171199953,1.8830991646420792,0.419040930577807,0.8661712279003169,8.580119018884487,21.014356720635003,5.781043092585025,CMP-KDO biosynthesis [PATH:map00540 map01100]
M00362,12.14116957797324,12.675884541643027,2.298699267962669,26.641587000017346,2.043776049374233,1.371366885607518,0.9669088292554889,3.515874652064217,31.567547990892862,3.2933388606603913,"Nucleotide sugar biosynthesis, prokaryotes [PATH:map00520]"
M00361,15.216878616986506,13.116396560886848,2.4731007186414327,30.363869419435098,2.466208194350455,2.121154774076139,1.4589136534410798,4.558078924637916,36.64444737450271,3.7134368858328957,"Nucleotide sugar biosynthesis, eukaryotes [PATH:map00520]"
M00512,5.984362785748882,10.228462598990918,,2.67981594722833,,1.1004492872644354,,,2.085534397891788,,CckA-CtrA/CpdR (cell cycle control) two-component regulatory system [PATH:map02020 map04112] [BR:ko02022]
M00026,13.99893410388,8.879530543530088,1.971344570896376,20.764606600429087,2.425885596623658,1.4869332821291523,0.8878126987704167,4.720580615778908,25.50448041970681,0.25592913945091517,"Histidine biosynthesis, PRPP => histidine [PATH:map00340 map01230 map01100 map01110]"
M00120,8.113215360487562,12.84845110381751,1.1835213626741343,18.828685706811722,0.7949221221902214,0.3536677458217602,0.728589730782148,3.258157632173048,22.399901791523245,1.3273814302371711,"Coenzyme A biosynthesis, pantothenate => CoA [PATH:map00770 map01100]"
M00024,3.1143949579181305,1.635452136850771,0.31640776241789503,5.376084117857265,0.3549267586679873,0.12595826238646457,,1.4165474224377306,6.7356824306996606,0.6967958429049801,"Phenylalanine biosynthesis, chorismate => phenylalanine [PATH:map00400 map01230 map01100 map01110]"
M00166,7.766756057055654,10.148061726082002,1.6025686093240439,22.047919171951865,1.9590679438128331,0.8885439621251339,0.3232501783586675,3.445932789283835,25.16200872134735,4.501164333745193,"Reductive pentose phosphate cycle, ribulose-5P => glyceraldehyde-3P [PATH:map00710 map01200 map01100 map01120]"
M00004,16.61633141153354,17.764481166552446,2.710164627057206,23.940283091709247,2.7182109561046017,1.9357591430416767,0.6163576225453837,6.517261943289804,39.07261813507198,4.914043727164854,Pentose phosphate pathway (Pentose phosphate cycle) [PATH:map00030 map01200 map01100 map01120]
M00007,21.25336538029861,25.6430118939582,3.5281701658561504,30.89254818936782,3.7244834740024904,2.9692339513047865,0.6930885425073534,7.11695251935575,52.440113691484875,5.984392117072952,"Pentose phosphate pathway, non-oxidative phase, fructose 6P => ribose 5P [PATH:map00030 map01200 map01230 map01100 map01120]"
M00308,11.690423132537862,9.399765632115383,2.0032015271000407,24.130490753702798,1.4674981512154985,0.4193733875474502,0.15194208190606634,6.513047644912778,28.67914874871481,4.626527767653109,"Semi-phosphorylative Entner-Doudoroff pathway, gluconate => glycerate-3P [PATH:map00030 map01200 map01100 map01120]"
M00552,11.08901197491452,10.774149741195494,2.2600247245185736,30.88509118650809,2.054497411701698,0.5871227425664303,0.21271891466849285,6.973779863078256,35.73704970740584,5.814907300598335,"D-galactonate degradation, De Ley-Doudoroff pathway, D-galactonate => glycerate-3P [PATH:map00052 map01100]"
M00609,5.434951724180356,8.89349833153969,0.7567720890812648,5.3710710393631445,0.4712872188214776,0.4224651736227096,0.423384380940871,1.7401710110651456,10.936621676963012,1.1125754847261171,"Cysteine biosynthesis, methionine => cysteine [PATH:map00270 map01230 map01100]"
M00034,4.746547524921413,5.214172104058589,0.7589329209030159,5.7768353708048465,0.2411368544374129,0.3277577605172392,0.47364274993644173,0.947810838190536,8.855185854158211,0.6223473097410578,Methionine salvage pathway [PATH:map00270 map01100]
M00368,7.369968920735393,15.563622080194458,1.3243511558922134,9.399374318885505,0.8247526329375858,0.7393140538397418,0.7409226666465243,3.045299269364005,18.491206608089364,1.947007098270705,"Ethylene biosynthesis, methionine => ethylene [PATH:map00270 map01110]"
M00323,,17.41477652517879,1.3271545635046207,,,0.32706702023462614,,,2.0837819400824884,4.841289331804521,Urea transport system [PATH:map02010] [BR:ko02000]
M00741,5.676750245304025,15.790080754599401,1.1586539826581426,20.266302171030084,0.8574358888991712,0.7642093735545157,0.4235441640360554,2.316801426661642,16.627087299893965,2.1269171139815755,"Propanoyl-CoA metabolism, propanoyl-CoA => succinyl-CoA [PATH:map00280 map00630 map00640 map01200 map01100]"
M00439,9.274803951005753,9.29510506427101,,15.309245198024017,0.4672563317084063,,0.6864424995196389,,28.859736843528058,1.6779692519805578,Oligopeptide transport system [PATH:map02010] [BR:ko02000]
M00580,2.904912775026279,3.942864798248718,0.4880463272918016,3.0103849510128087,,,,2.0323967721285596,4.538120441814895,0.4869729627353491,"Pentose phosphate pathway, archaea, fructose 6P => ribose 5P [PATH:map00030 map01200 map01230 map01100 map01120]"
M00546,3.2538923138642635,2.6324265725928755,0.756802031676211,1.4380517003889985,,,,0.2683603952714105,5.350166592309582,,"Purine degradation, xanthine => urea [PATH:map00230 map01100]"
M00524,,14.35451843095641,,,,,,,4.127366899983902,,FixL-FixJ (nitrogen fixation) two-component regulatory system [PATH:map02020] [BR:ko02022]
M00622,,,0.21632556059920802,2.0945320222771975,,,,,0.851875835079884,,"Nicotinate degradation, nicotinate => fumarate [PATH:map00760 map01120]"
M00454,22.004401043065705,19.617688568286596,2.9949818520880402,45.91277162731368,3.7512023972561166,5.576686694667648,,0.8764441732654991,50.60415796072597,,KdpD-KdpE (potassium transport) two-component regulatory system [PATH:map02020] [BR:ko02022]
M00032,6.509262715008987,5.766201677979218,0.7065533616496119,13.80534186590509,1.3148624828336817,0.20030991466833953,0.35873256378758317,1.911992826190474,12.222375430643408,2.271230129748217,"Lysine degradation, lysine => saccharopine => acetoacetyl-CoA [PATH:map00310 map01100]"
M00153,11.531378373710364,12.623019892813138,0.761236365682018,17.22334832191546,0.7352472228374404,1.3573640377026313,,2.874965620832802,18.365496034109224,2.584650244917024,Cytochrome bd ubiquinol oxidase [PATH:map00190]
M00669,22.396324348987413,18.810328549201326,2.638831430503047,21.738587945996457,1.3847486199224426,0.4121207365832622,0.869593834287015,7.351863443013268,29.038572160780816,7.831591796061766,gamma-Hexachlorocyclohexane transport system [BR:ko02000]
M00210,18.681315754557403,15.048262839361062,2.564751865506527,20.270398420368377,1.107798895937954,0.6744596482148726,0.6956750674296119,5.881490754410613,25.79327654765517,7.852905571859027,Phospholipid transport system [PATH:map02010] [BR:ko02000]
M00670,20.99851342358215,18.810328549201326,2.4125021250050622,20.45923911884158,1.3847486199224426,0.4121207365832622,0.869593834287015,7.351863443013268,29.038572160780816,7.831591796061766,Mce transport system [BR:ko02000]
M00006,16.94753485885031,15.436984778127083,2.6600143283655875,22.809038512589503,2.2090055028121602,1.870163906299406,0.567789560256906,7.2268474916283205,36.41887147446818,5.036292041948949,"Pentose phosphate pathway, oxidative phase, glucose 6P => ribulose 5P [PATH:map00030 map01200 map01100 map01120]"
M00008,17.906858840331395,10.562999043024057,3.3725517742451756,23.986367680243422,1.4862724304150183,1.2568392909184958,0.3026935773748686,8.413086081364423,31.640566662150842,5.960987823894451,"Entner-Doudoroff pathway, glucose-6P => glyceraldehyde-3P + pyruvate [PATH:map00030 map01200 map01100 map01120]"
M00091,2.6699158546402693,4.7833533220551,0.401478049178758,1.2286310098440825,0.397361335109057,0.4222856820789346,,,,,"Phosphatidylcholine (PC) biosynthesis, PE => PC [PATH:map00564 map01100]"
M00060,18.314392395253083,4.582402793671501,1.6791090968862954,14.91677653035649,1.274845563118473,,0.7898418302633549,6.649568078402535,18.947169544041692,4.047824119094605,"Lipopolysaccharide biosynthesis, KDO2-lipid A [PATH:map00540 map01100]"
M00336,17.3780769716745,21.823605505313218,3.1213384102293946,21.503387401726975,3.2256855213909157,0.7221719159701828,1.0492741367895682,4.701475554055533,45.76014301132459,1.272630559800061,Twin-arginine translocation (Tat) system [PATH:map03070] [BR:ko02044]
M00511,4.347744716371671,15.904471982564065,1.0465330770446817,4.931117176468123,,,,,1.0541210875614024,1.296492407726351,PleC-PleD (cell fate control) two-component regulatory system [PATH:map02020 map04112] [BR:ko02022]
M00131,2.419741639884465,4.074370501400099,0.29966559720060326,7.945113779372567,0.1720113677732019,,,1.2207719798952574,9.192217560397383,2.086230842593084,"Inositol phosphate metabolism, Ins(1,3,4,5)P4 => Ins(1,3,4)P3 => myo-inositol [PATH:map00562 map01100]"
M00126,7.608126950881565,7.876095102921488,1.2190193556248958,19.564481601608097,1.2850302211314588,0.353190443029473,0.47418315469859984,3.495695452877218,17.847115920065963,1.756234458441253,"Tetrahydrofolate biosynthesis, GTP => THF [PATH:map00790 map00670 map01100]"
M00840,8.35410369981345,6.736919047697478,1.7539720836164483,16.566487994408845,1.4009230899717222,,0.2156611350628368,4.481362389450658,14.804731374231162,2.174655612518881,"Tetrahydrofolate biosynthesis, mediated by ribA and trpF, GTP => THF [PATH:map00790 map01100]"
M00841,15.357990231926609,16.73176862685064,2.5464350818438812,39.35867674967678,3.3872033850376577,1.0007062552501735,1.086070330786714,6.9109209330482075,40.684656829460955,4.283188994631682,"Tetrahydrofolate biosynthesis, mediated by PTPS, GTP => THF [PATH:map00790 map01100]"
M00729,14.302959369963903,25.916236437074794,2.4141860041837204,24.69703343029025,2.644251212095173,1.530093298564844,1.0591759839724801,5.440254430085551,47.09270221014582,9.344128286538952,"Fluoroquinolone resistance, gyrase-protecting protein Qnr"
M00123,7.983089299864389,11.384737416298767,1.3721582966810653,7.842844439388512,1.6548887491447133,0.28626129145438034,0.16965739496922158,5.518344790535973,14.356623961018727,6.334404653720682,"Biotin biosynthesis, pimeloyl-ACP/CoA => biotin [PATH:map00780 map01100]"
M00573,7.983089299864389,11.384737416298767,1.3721582966810653,7.842844439388512,1.6548887491447133,0.28626129145438034,0.16965739496922158,5.518344790535973,14.356623961018727,6.334404653720682,"Biotin biosynthesis, BioI pathway, long-chain-acyl-ACP => pimeloyl-ACP => biotin [PATH:map00780 map01100]"
M00577,7.983089299864389,11.384737416298767,1.3721582966810653,7.842844439388512,1.6548887491447133,0.28626129145438034,0.16965739496922158,5.518344790535973,14.356623961018727,6.334404653720682,"Biotin biosynthesis, BioW pathway, pimelate => pimeloyl-CoA => biotin [PATH:map00780 map01100]"
M00579,7.631799779486846,13.340332792742418,0.9167559610731182,7.351084763831145,1.3578687944170884,,,3.229909831464848,8.98593288349291,3.8874296322050266,"Phosphate acetyltransferase-acetate kinase pathway, acetyl-CoA => acetate [PATH:map00710 map01200 map01100 map01120]"
M00258,35.93409348506516,42.57820105209552,8.365409876860197,70.25293946580469,5.937718001330986,6.99913493102704,1.4670827037657,12.834723178866616,101.9839254271558,12.11425100358159,Putative ABC transport system [BR:ko02000]
M00124,9.443629290896903,11.600948930783158,2.4334279835479333,12.215533448851161,1.291509592969435,1.2328793280573842,0.7461603917301586,6.724298211364118,11.848995214070026,3.5631777501223896,"Pyridoxal biosynthesis, erythrose-4P => pyridoxal-5P [PATH:map00750 map01100]"
M00727,10.495534809757572,10.688912657569308,2.4001766093850003,15.252325024136303,0.5897408338316187,2.1900186152882597,0.4825995460416807,3.0195606253285856,13.942184125449854,2.3946139829984836,"Cationic antimicrobial peptide (CAMP) resistance, N-acetylmuramoyl-L-alanine amidase AmiA and AmiC [PATH:map01503]"
M00044,6.115488285743091,4.101144583721703,1.3761246687166677,10.82560066029715,1.0766754956399422,,0.2589791427555468,4.521841018437231,17.858452280125476,1.378717408632684,"Tyrosine degradation, tyrosine => homogentisate [PATH:map00350 map01100]"
M00169,17.132809631362196,24.225571226714543,1.7072785428663595,41.33567125372607,3.2308520256781983,,0.9301200154301353,8.833919811405128,42.76761374424873,6.590155816118522,"CAM (Crassulacean acid metabolism), light [PATH:map00710 map01200 map01100 map01120]"
M00172,10.315350878354367,12.112785613357271,1.5808942214299126,30.801529103853525,1.6154260128390991,1.1518097212521512,0.46506000771506767,6.907519032309051,27.128105990016874,4.153900015774513,"C4-dicarboxylic acid cycle, NADP - malic enzyme type [PATH:map00710 map01200 map01100 map01120]"
M00171,3.402523795573915,4.496600897791737,0.4562678062981873,12.044225984468357,0.44018787441774393,0.5119154316676228,0.2066933367622523,2.0099570235753874,10.32068751733414,0.9569477984958339,"C4-dicarboxylic acid cycle, NAD - malic enzyme type [PATH:map00710 map01200 map01100 map01120]"
M00531,,2.440754424891168,0.9727381370555692,,,,,,1.0443395780766593,,"Assimilatory nitrate reduction, nitrate => ammonia [PATH:map00910 map00910 map01120]"
M00118,4.348524259728931,4.445312508843994,1.3011417426102458,6.0812658412116285,0.6682043667891733,,,0.19592651242659245,2.6547327526591578,,"Glutathione biosynthesis, glutamate => glutathione [PATH:map00480 map01100]"
M00259,14.16322838035189,31.819758079127578,3.663442437925391,40.1071031242443,2.916048390505253,,0.9157780012492158,5.788078158296884,10.152377765651536,10.710850687671725,Heme transport system [PATH:map02010] [BR:ko02000]
M00429,1.2358428668221764,3.9191249711059544,0.4803669286387061,2.8405485879820684,0.637492276436073,,0.11202083995091244,0.8476062344329163,9.911781905569386,0.31889603617408774,Competence-related DNA transformation transporter [BR:ko02044]
M00835,1.0345398048794034,3.9812653793595727,0.18138676115842828,2.97620620794258,,0.37560088017314247,0.26453612478469857,,1.863157348132135,,"Pyocyanine biosynthesis, chorismate => pyocyanine [PATH:map00405 map01130]"
M00250,1.3437623296561751,7.004733167648331,1.9880404873878064,41.654331781236664,,2.2516121192858707,,6.884572220504772,15.894361458492838,,Lipopolysaccharide transport system [PATH:map02010] [BR:ko02000]
M00154,3.3620555813610813,2.438246054693738,0.62597925518963,7.111818786937379,0.3517833530224079,,0.34041324499853165,1.0318375716150991,4.747208775845349,0.8229456388985991,Cytochrome c oxidase [PATH:map00190]
M00155,17.98840447138278,25.209191549579188,2.169736549680139,32.171702706510956,2.0485882728005347,1.7426822341577666,0.9727141872490156,6.024277977833672,38.40847715390039,9.949181044618816,"Cytochrome c oxidase, prokaryotes [PATH:map00190]"
M00023,14.015872700119337,4.739184789886258,1.7336853155719156,22.714146993443705,2.7903046672393597,1.234284262092617,1.4772686665081896,5.33902204643688,27.18548259157672,0.8194438710670525,"Tryptophan biosynthesis, chorismate => tryptophan [PATH:map00400 map01230 map01100 map01110]"
M00115,14.036879231209266,7.776112999785527,2.242678568120226,24.645708146159947,1.7235428773533765,1.8063485886036186,1.2202832860804178,8.08613421801569,36.91529631517465,5.971152280564434,"NAD biosynthesis, aspartate => NAD [PATH:map00760 map01100]"
M00842,13.707739057790088,5.505419098091117,2.063743601766495,26.455839008737442,2.257498508955215,0.42896170994092153,1.5895383839304957,7.668811022214096,37.14092393198096,2.8131207862099696,"Tetrahydrobiopterin biosynthesis, GTP => BH4 [PATH:map00790 map01100]"
M00843,13.707739057790088,5.505419098091117,2.063743601766495,26.455839008737442,2.257498508955215,0.42896170994092153,1.5895383839304957,7.668811022214096,37.14092393198096,2.8131207862099696,"L-threo-Tetrahydrobiopterin biosynthesis, GTP => L-threo-BH4 [PATH:map00790 map01100]"
M00568,1.603588976799514,2.9616829395404194,0.22195276790969695,,,0.275822302916885,,,2.6280366053657214,,"Catechol ortho-cleavage, catechol => 3-oxoadipate [PATH:map00362 map01220 map01100 map01120]"
M00628,9.081957232529437,5.022104915723469,1.3823388064211615,12.273332537698947,,,0.3398533053128456,2.4560215797829446,18.34901503017146,2.1084796588218775,"beta-Lactam resistance, AmpC system [PATH:map01501]"
M00135,7.69097687529749,8.977767327298604,1.068943402243223,7.462105678686705,1.1579539505141134,0.6568388044087572,,2.977312452383959,9.875097302627534,0.8364829171577617,"GABA biosynthesis, eukaryotes, putrescine => GABA [PATH:map00330 map01100]"
M00027,6.273976341022297,7.397986832576162,1.4404330446243567,14.176041579043567,0.21096964160934192,1.1937273801023174,0.41957455828550183,0.2684166045949966,19.358018094648408,0.937768054995142,GABA (gamma-Aminobutyrate) shunt [PATH:map00250 map01100]
M00176,7.945066908941391,14.682570943388749,2.125292349248519,8.871805349537503,0.1766211235449532,0.7388500878724913,0.5358907967239603,4.927198854292746,16.08625422919163,3.6812522355147133,"Assimilatory sulfate reduction, sulfate => H2S [PATH:map00920 map01100 map01120]"
M00113,2.4778910182139406,2.0069338336887843,0.41264499991200004,3.646690777537318,0.6018679362966444,,,0.5545406740864038,3.087206788269602,0.5120426091313628,Jasmonic acid biosynthesis [PATH:map00592 map01100 map01110]
M00087,4.25768586062938,1.933544672493547,0.6892395693856175,7.921797776970988,1.029698750220043,,0.08345293609051414,0.5485302911279398,6.768715262350135,1.2694154233745025,beta-Oxidation [PATH:map00071 map01212 map01100]
M00861,1.5568117895429054,4.515601125799765,,3.456212033841783,,,,,0.7031696429862235,,"beta-Oxidation, peroxisome, VLCFA [PATH:map01040]"
M00523,6.3603431375169155,8.875436520091885,1.510680844983463,,,,,,6.511735076378427,,RegB-RegA (redox response) two-component regulatory system [PATH:map02020] [BR:ko02022]
M00364,5.72116191426354,4.752365191707362,0.8765664479451091,17.019055853795415,1.3177936410627569,,0.879181274067592,4.174979690522424,19.246538890485763,2.8386676452906854,"C10-C20 isoprenoid biosynthesis, bacteria [PATH:map00900 map01100 map01110 map01130]"
M00743,11.209426431088588,8.699230548503387,3.087388501493494,23.491412447288305,0.4648382074276883,1.7977333209049489,0.35338508571209487,0.8411707746618097,24.032568216171327,1.031943686766026,"Aminoglycoside resistance, protease HtpX"
M00596,2.858955975570495,13.654031439421772,0.7951455728693544,10.049188191200445,,0.19465688170968784,0.21640899324741494,2.766452595160251,11.329791561804376,1.7747646114341795,"Dissimilatory sulfate reduction, sulfate => H2S [PATH:map00920 map01100 map01120]"
M00114,4.379675167096012,7.7467282154346675,1.0302783856518272,7.152221080871605,1.3283125661188024,0.5299000769924992,0.5172056752588403,1.6870835213176176,12.277223685151503,1.3650575169379673,"Ascorbate biosynthesis, plants, glucose-6P => ascorbate [PATH:map00010 map00051 map00053 map01100 map01110]"
M00136,2.6311383046332786,4.060442974619247,,,,,,,4.624694897622598,,"GABA biosynthesis, prokaryotes, putrescine => GABA [PATH:map00330 map01100]"
M00855,4.760852845158962,6.824007027057485,1.0833700644943836,12.221779953513881,0.8043354960077385,0.17560368523667613,0.6012437855283462,2.896257339512719,14.961016458469999,2.1301528529287266,"Glycogen degradation, glycogen => glucose-6P [PATH:map00500]"
M00276,1.5358407091950368,6.694380706145812,0.31705588212475955,,,0.3547162082761818,,,0.45486746662720196,,"PTS system, mannose-specific II component [PATH:map00051 map02060] [BR:ko02000]"
M00052,10.690340592929495,14.4959342659335,2.3886049740844455,24.006661419235407,0.9404854342845063,0.46683139662724765,1.3665368499011818,4.963687198181558,33.43155947015767,3.18257369862791,"Pyrimidine ribonucleotide biosynthesis, UMP => UDP/UTP,CDP/CTP [PATH:map00240 map01100]"
M00345,1.890006936062294,2.715657764890423,0.13657409420972294,4.646330013831741,,0.1946917816747247,0.21231684891901836,3.9241514648697264,5.352194011030971,0.6058818001424792,"Formaldehyde assimilation, ribulose monophosphate pathway [PATH:map00680 map01200 map01120]"
M00501,10.201585070264198,,0.9664726538325779,9.280571791886555,,,,,5.976958391986347,,PilS-PilR (type 4 fimbriae synthesis) two-component regulatory system [PATH:map02020] [BR:ko02022]
M00507,6.527849923503833,,0.41673733250919076,9.271581836343817,,0.6142551324547971,,,2.504671040028974,2.605148282657587,ChpA-ChpB/PilGH (chemosensory) two-component regulatory system [PATH:map02020] [BR:ko02022 ko02035]
M00846,12.424427450052118,1.7088716394981651,2.4691962622673334,22.253962077561365,1.5280831642004045,1.3265599177841363,0.9822014967564106,3.8658761468174756,25.096784820110223,4.89545218783812,"Siroheme biosynthesis, glutamate => siroheme [PATH:map00860 map01100 map01110]"
M00331,8.332629815828446,0.8377998776434412,1.1093386767940523,8.434896455100233,0.3074517164898126,0.3380293774611791,0.3363665997595645,0.5423377996622915,8.460516815173838,0.4632146740109859,Type II general secretion system [PATH:map03070] [BR:ko02044]
M00742,11.61899052005599,9.229061682445426,2.934198291991461,25.006417631105617,0.7610327063023747,1.3409765243463236,0.5213358889607367,2.1057140284683524,19.788140854962094,5.003388194596555,"Aminoglycoside resistance, protease FtsH"
M00854,7.070897332401307,1.7033665952478558,1.15793830128557,15.585195346564412,0.5786261405663493,0.29728556676987067,0.5086524770934904,1.974451513496376,15.920303099362178,0.9780360040911567,"Glycogen biosynthesis, glucose-1P => glycogen/starch [PATH:map00500]"
M00565,14.1109024829151,9.16942488446394,1.621555407977336,28.785419725182553,0.9821614843576914,0.654456172798602,1.241073937820793,2.9659972685053466,27.360138742787655,1.5369137207146746,"Trehalose biosynthesis, D-glucose 1P => trehalose [PATH:map00500 map01100 map01110]"
M00015,12.288803563440204,3.961046129227145,2.3136405577960413,30.24380575307377,1.0840926020128998,,0.3961496428878267,2.9570359343571515,25.80330017553466,7.1704272814900705,"Proline biosynthesis, glutamate => proline [PATH:map00330 map01230 map01100]"
M00180,,,,1.1815443609015652,,,,,0.16353471479176068,,"RNA polymerase II, eukaryotes [PATH:map03020 map05016] [BR:ko03021 ko03400]"
M00181,,,,0.8861582706761739,,,,,,,"RNA polymerase III, eukaryotes [PATH:map03020 map04623] [BR:ko03021]"
M00182,,,,1.0127523093441988,,,,,,,"RNA polymerase I, eukaryotes [PATH:map03020] [BR:ko03021]"
M00240,10.213666807077459,6.727809487571066,2.4956423339254252,15.359100369330303,2.9620115432968586,1.1807955447084622,0.4973420572054607,0.9184389287834677,46.75451183711901,,Iron complex transport system [PATH:map02010] [BR:ko02000]
M00256,12.246837518854335,25.068561743810115,2.3317002631586052,70.5562105133225,2.5000131815967013,,,12.406825366828587,53.924562384688564,8.718251121322314,Cell division transport system [PATH:map02010] [BR:ko02000]
M00761,1.3836867862630433,,,4.818266275450597,,,0.40511927159697897,,3.255698136365563,,"Undecaprenylphosphate alpha-L-Ara4N biosynthesis, UDP-GlcA => undecaprenyl phosphate alpha-L-Ara4N [PATH:map00520 map01100]"
M00129,9.803932541915357,5.550504977544941,1.4383908983656302,18.819100750780123,1.165507274659047,1.4716128436307083,0.4564503211010733,3.8167415229428037,16.751321705667124,2.978597201416157,"Ascorbate biosynthesis, animals, glucose-1P => ascorbate [PATH:map00040 map00053 map01100]"
M00721,0.4257497803886287,,,1.4825434693694144,,,0.12465208356830122,,1.4000888210174152,,"Cationic antimicrobial peptide (CAMP) resistance, arnBCADTEF operon [PATH:map01503]"
M00300,5.038434398752093,1.6206082009081888,0.469528344977802,11.737977272574511,,,,,0.7771040026905243,,Putrescine transport system [PATH:map02010] [BR:ko02000]
M00252,,18.795481960301895,1.0804940457736674,21.50509182925628,,,,,27.652569447170166,4.610350296213893,Lipooligosaccharide transport system [PATH:map02010] [BR:ko02000]
M00223,,3.6404979275981955,0.5307282896234892,3.0194253121971584,,,,,9.475660182943075,,Phosphonate transport system [PATH:map02010] [BR:ko02000]
M00549,11.018489883502227,8.152244071826747,1.6789111655464,20.690195075183926,1.9425054172571727,1.4463693530298627,0.7971677254635836,4.522201677106317,33.809607484131064,2.877978983984233,"Nucleotide sugar biosynthesis, glucose => UDP-glucose [PATH:map00520 map01100]"
M00025,2.456676143502949,0.782927765173668,0.2947729415270001,6.7178489637606855,0.28907201882466127,,0.18483604895834038,1.424519130667018,6.72726965531885,0.6967958429049801,"Tyrosine biosynthesis, chorismate => tyrosine [PATH:map00400 map01230 map01100]"
M00678,,,,0.767087211373406,,,,,0.21962382055830076,,Hedgehog signaling [PATH:map04340 map05217]
M00230,,,0.5938794541809687,10.202634775126993,,,,,2.870762728411201,,Glutamate/aspartate transport system [PATH:map02010] [BR:ko02000]
M00550,0.30229971317545573,,0.13773948532806676,5.8258887320345565,,0.19374740912678587,,0.6864955592807195,2.455270130716115,0.5086930638156627,"Ascorbate degradation, ascorbate => D-xylulose-5P [PATH:map00053 map01100 map01120]"
M00283,,,0.3213921324321558,2.8799289022549566,,,,,2.197540857668039,,"PTS system, ascorbate-specific II component [PATH:map00053 map02060] [BR:ko02000]"
M00133,7.258190870329316,1.480662216381668,0.5397390558601152,8.191584975204249,0.29096537022291086,0.7210143170757608,0.43034576259121354,2.7117164443392574,15.315294174638963,1.44364558738161,"Polyamine biosynthesis, arginine => agmatine => putrescine => spermidine [PATH:map00330 map01100]"
M00682,,0.9403663831766611,,,,,,,,,Notch signaling [PATH:map04330]
M00344,2.9119626444837436,,0.5323503275777695,9.311338140899364,0.6183698251240476,0.7797198310224586,0.37155448560828214,3.600388076905878,8.19170572028672,1.9089765381146495,"Formaldehyde assimilation, xylulose monophosphate pathway [PATH:map00680 map01200 map01120]"
M00128,0.9203820961493874,,0.18089613879707905,3.103128849161842,,,,,0.5461496217712952,,"Ubiquinone biosynthesis, eukaryotes, 4-hydroxybenzoate => ubiquinone [PATH:map00130 map01100]"
M00822,4.60353516693042,,0.7043500067118773,3.543372034327673,0.5218852657398202,,,,3.7973719985113257,,"Multidrug resistance, efflux pump MexMN-OprM"
M00768,3.452651375197814,,0.5282625050339079,2.6575290257457547,0.39141394930486517,,,,2.8480289988834944,,"Multidrug resistance, efflux pump GesABC"
M00642,3.452651375197814,,0.5282625050339079,2.6575290257457547,0.39141394930486517,,,,2.8480289988834944,,"Multidrug resistance, efflux pump MexJK-OprM"
M00643,3.452651375197814,,0.5282625050339079,2.6575290257457547,0.39141394930486517,,,,2.8480289988834944,,"Multidrug resistance, efflux pump MexXY-OprM"
M00445,5.327970418555844,,1.7307876503988502,14.158616194146461,,,,,4.292488871781299,,EnvZ-OmpR (osmotic stress response) two-component regulatory system [PATH:map02020] [BR:ko02022]
M00097,3.6042018337301616,0.585432937231955,1.1279768488597963,3.9500970542271796,0.48484245128987646,0.20469373771271135,0.28664053095855624,,6.619403624956329,1.3462387268545022,"beta-Carotene biosynthesis, GGAP => beta-carotene [PATH:map00906 map01100 map01110]"
M00627,4.416401556201091,,0.26477438152297134,7.178819660058,,,,2.868528370804421,8.050674895548593,1.8407501182577704,"beta-Lactam resistance, Bla system [PATH:map01501]"
M00471,0.6314688010132188,,,14.499647253635631,,,,,,,NarX-NarL (nitrate respiration) two-component regulatory system [PATH:map02020] [BR:ko02022]
M00567,0.06224563427610693,0.4993917250594005,0.01849098845082757,1.0094772713282647,,0.09038971410433443,,0.07280789576536974,0.6825186570494414,,"Methanogenesis, CO2 => methane [PATH:map00680 map01200 map01100 map01120]"
M00356,,,,0.45162453029835076,,,,0.14178379701677266,1.0298128706426708,,"Methanogenesis, methanol => methane [PATH:map00680 map01200 map01120]"
M00563,0.16960519640681754,0.30623264379419785,0.08168624077625299,0.3730811337247245,,0.1647838241712159,,0.11712574536168176,1.399493732853828,,"Methanogenesis, methylamine/dimethylamine/trimethylamine"
M00297,,,,,,,,1.3988219330315665,,,DNA-PK complex [PATH:map03450 map04110] [BR:ko03032 ko03400]
M00438,,,,,,,,,1.1214434297743434,,Nitrate/nitrite transport system [PATH:map00910 map02010] [BR:ko02000]
M00517,,,,7.99533633036401,,,,,3.343358783417915,,RpfC-RpfG (cell-to-cell signaling) two-component regulatory system [PATH:map02020] [BR:ko02022]
M00193,3.6746784573743505,20.109384935695928,2.646773987827252,32.44741065157927,,3.1255401146115327,3.8301697858401758,,35.3519439894883,,Putative spermidine/putrescine transport system [BR:ko02000]
M00673,,,,3.5594913542987197,,,,,3.152760066125185,0.4692026183203178,"Cephamycin C biosynthesis, aminoadipate + cycteine + valine => cephamycin C [PATH:map00311 map01130]"
M00221,2.2849736250929866,10.441086714894615,3.4155673277184913,31.472510881404787,1.3288654430154985,1.5742530354406512,,,23.806775969316618,,Putative simple sugar transport system [BR:ko02000]
M00554,13.279537933852978,8.50366980422095,0.9791396895022313,31.333142765664196,2.232350467120794,,0.48918767077516273,5.356292488806645,35.13282884940271,4.536186010655212,"Nucleotide sugar biosynthesis, galactose => UDP-galactose [PATH:map00520 map00052 map01100]"
M00582,1.2142661319345465,0.6526286953464353,0.6720899858211118,10.696318732934667,0.5302124926846278,1.5843233376790984,,,16.16884648104287,,Energy-coupling factor transport system [PATH:map02010] [BR:ko02000]
M00478,,,,9.422486015835203,,,,,18.70509784817733,,DegS-DegU (multicellular behavior control) two-component regulatory system [PATH:map02020] [BR:ko02022]
M00461,,,,18.22115230353924,,,,,25.443755171145764,,MtrB-MtrA (osmotic stress response) two-component regulatory system [PATH:map02020] [BR:ko02022]
M00045,13.816034984078232,23.20682254877427,1.5835719283755323,14.933380522390955,,2.1519030498105893,1.2744498949231708,5.156799379413141,42.975574269220516,1.9555539848675767,"Histidine degradation, histidine => N-formiminoglutamate => glutamate [PATH:map00340 map01100]"
M00365,2.0989217747522373,,,15.65318315017296,1.532216591856682,,1.758362548135184,2.78830171996934,27.63849101678583,,"C10-C20 isoprenoid biosynthesis, archaea [PATH:map00900 map01100 map01110]"
M00299,12.698219768857502,,2.036603691063215,13.717824261351291,,3.234086536157215,0.8703973053501969,,28.13966294429676,,Spermidine/putrescine transport system [PATH:map02010] [BR:ko02000]
M00338,6.341099352290192,6.828728158860711,0.27368084469761866,8.353530557792975,1.2112452203468127,1.0268943210224666,0.6649887593012606,2.91285791572595,26.31395511143951,1.8744830202111291,"Cysteine biosynthesis, homocysteine + serine => cysteine [PATH:map00270 map01230 map01100]"
M00076,0.8098204878876014,,,2.002035457792095,0.24678936464222373,0.8361869441502328,,1.1774383757993767,2.8278742643183685,,Dermatan sulfate degradation [PATH:map00531 map01100]
M00077,1.0122756098595018,,,2.5025443222401185,0.30848670580277965,1.045233680187791,,1.4717979697492212,3.5348428303979613,,Chondroitin sulfate degradation [PATH:map00531 map01100]
M00078,0.4499002710486675,,,1.1122419209956083,,0.4645483023056849,,0.6541324309996538,2.4135029551486857,0.40930333620146103,Heparan sulfate degradation [PATH:map00531 map01100]
M00243,,,0.35358659892017336,4.350102868046276,,,,,6.695208009272977,,Manganese/iron transport system [BR:ko02000]
M00378,0.9467216643095903,1.2143681286221788,0.9960682513784157,11.863090178507663,2.335818445777477,1.2881130357255137,0.5314631781969946,,20.38744512639225,0.8496148531736211,F420 biosynthesis [PATH:map00680 map01120]
M00631,4.480458691951044,3.6209160024473945,1.5465629220054862,8.83409326782079,,0.1933128258878373,,7.048905289202877,12.074026494195413,3.2385284823989164,D-Galacturonate degradation (bacteria) [PATH:map00040 map00030 map01100]
M00061,5.067441645432885,1.7039443884043168,1.5191165417209764,13.146147998054657,,0.22092894387181405,,5.55050703106738,10.41983298799323,2.1918585933542,D-Glucuronate degradation [PATH:map00040 map00030 map01100]
M00209,19.202380815480467,,1.657013652080379,23.26636258994268,0.8756334419630548,0.5998962785993963,1.3560663748405108,4.967755409883998,46.81976460998121,1.202666948128036,Osmoprotectant transport system [PATH:map02010] [BR:ko02000]
M00162,0.3524845991718644,,0.27131845596939164,1.9391035398988032,0.3202917510425177,0.37154136256125536,,,5.027928784836745,,Cytochrome b6f complex [PATH:map00195]
M00688,,,,0.43383369242630615,,,,,,,MAPK (JNK) signaling [PATH:map04010 map04013]
M00689,,,,0.43383369242630615,,,,,,,MAPK (p38) signaling [PATH:map04010 map04013]
M00581,0.9275938306048955,2.3929718829369295,0.26620492997860096,14.498731605570057,,,,,12.290375897261706,,Biotin transport system [PATH:map02010] [BR:ko02000]
M00253,11.413957215355222,,1.224653270669983,,,,,,3.3743392836353574,,Sodium transport system [PATH:map02010] [BR:ko02000]
M00134,12.395447983384372,6.426262836310842,2.8622515021079318,12.070861875407381,,,,2.4308440340686808,7.047766634114896,1.7638383321185516,"Polyamine biosynthesis, arginine => ornithine => putrescine [PATH:map00330 map01100]"
M00668,8.292087787737675,,1.3801118287173244,,,,0.8247125614559347,,1.4886146619019236,4.038716180563506,"Tetracycline resistance, TetA transporter"
M00707,11.219453499694282,,0.8565573189978666,4.46723032857828,2.187485895345487,,,8.950638622046792,12.316155235905919,2.4352424856691797,"Multidrug resistance, SmdAB/MdlAB transporter"
M00366,4.604190177417858,,,6.805249918042711,0.551685345134416,,0.2659255452877933,4.174979690522424,8.481005681973906,0.8541274765286682,"C10-C20 isoprenoid biosynthesis, plants [PATH:map00900 map01100 map01110]"
M00085,1.202344382651446,,,,0.3296625479103133,,,,0.264257237024631,,"Fatty acid biosynthesis, elongation, mitochondria [PATH:map00062 map01212 map01100]"
M00212,5.367240435868849,3.0238842714782046,1.942626292903306,13.20597031631821,,1.1850504303814733,,,7.5183505767149015,,Ribose transport system [PATH:map02010] [BR:ko02000]
M00079,4.425724628426765,,0.4044594746358215,1.002513898542813,,,,3.0492057035757982,3.728868175029561,1.4041392659536376,Keratan sulfate degradation [PATH:map00531 map01100]
M00066,9.64608406441284,,1.2047516746250522,,,,,,3.8933147558644787,1.950589456646172,Lactosylceramide biosynthesis [PATH:map00600 map01100]
M00444,,,,,,,,,2.589181063882073,,PhoQ-PhoP (magnesium transport) two-component regulatory system [PATH:map02020] [BR:ko02022]
M00723,,,,,,,,,1.2945905319410365,,"Cationic antimicrobial peptide (CAMP) resistance, phosphoethanolamine transferase EptB [PATH:map01503]"
M00724,,,,,,,,,1.7261207092547153,,"Cationic antimicrobial peptide (CAMP) resistance, palmitoyl transferase PagP [PATH:map01503]"
M00744,,,,,,,,,1.7261207092547153,,"Cationic antimicrobial peptide (CAMP) resistance, protease PgtE"
M00762,,,0.9872802234381864,5.0732168020739765,2.4318923134638237,,,6.958169928056245,3.806808060877166,3.435288430861009,Copper-processing system [PATH:map02010] [BR:ko02000]
M00540,,,0.3942420050726519,3.4998721697088357,0.2878251824715225,,,,0.5996498810629172,,"Benzoate degradation, cyclohexanecarboxylic acid =>pimeloyl-CoA [PATH:map00362 map01220 map01120]"
M00492,,,,2.8994619258334065,,,,,,,LytS-LytR two-component regulatory system [PATH:map02020] [BR:ko02022]
M00273,,,0.42470883489833827,5.934402714213446,,0.9049093584684208,,,4.190265192843321,,"PTS system, fructose-specific II component [PATH:map00051 map02060] [BR:ko02000]"
M00485,,,,0.8733632436180395,,,,0.2642665665843077,,,KinABCDE-Spo0FA (sporulation control) two-component regulatory system [PATH:map02020] [BR:ko02022]
M00175,,,,1.0632657671012493,,,,,,,"Nitrogen fixation, nitrogen => ammonia [PATH:map00910 map01100 map01120]"
M00186,4.465686639773009,,0.757791909588546,5.385157999255566,,,,,5.543262626543346,,Tungstate transport system [PATH:map02010] [BR:ko02000]
M00500,,,,,,,,,3.4416693110473644,,AtoS-AtoC (cPHB biosynthesis) two-component regulatory system [PATH:map02020] [BR:ko02022]
M00309,,,0.12027940781151199,,,,,,0.2778941246498602,,"Non-phosphorylative Entner-Doudoroff pathway, gluconate/galactonate => glycerate [PATH:map00030 map00052 map01200 map01100 map01120]"
M00228,,,,,,,,,2.612595502970436,,Putative glutamine transport system [PATH:map02010] [BR:ko02000]
M00348,,,,1.987989335538471,,,,,2.932061299111382,,Glutathione transport system [PATH:map02010] [BR:ko02000]
M00208,2.6006130115712023,3.061792448087575,1.0597836084888963,2.41048357734584,,3.284194022043786,,,2.6920019394034562,,Glycine betaine/proline transport system [PATH:map02010] [BR:ko02000]
M00290,,,0.10532402394401315,,,,,0.38520103354326174,0.2146641075614725,,Holo-TFIIH complex [PATH:map03420] [BR:ko03021 ko03400]
M00211,,,,1.4436017053988828,2.280757947997928,,,,4.591439714539552,,Putative ABC transport system [BR:ko02000]
M00245,0.7970498479284027,,0.29328061390283633,2.095631259444195,,,,,,,Cobalt/nickel transport system [PATH:map02010] [BR:ko02000]
M00246,0.5313665652856018,,0.19552040926855754,1.39708750629613,,,,,,,Nickel transport system [PATH:map02010] [BR:ko02000]
M00333,6.601110553379546,,0.08426883127089708,0.2752517818180625,,,,,,4.171927720732774,Type IV secretion system [PATH:map03070] [BR:ko02044]
M00458,,,,2.9046038073131197,,,,,,,ResE-ResD (aerobic and anaerobic respiration) two-component regulatory system [PATH:map02020] [BR:ko02022]
M00104,1.310782659840544,,0.10626842728567892,0.40340670012519403,0.2641692626457783,,,,0.3985820932996844,,"Bile acid biosynthesis, cholesterol => cholate/chenodeoxycholate [PATH:map00120 map01100]"
M00862,2.075749052723874,,,1.6136268005007761,,,,,0.9375595239816313,,"beta-Oxidation, peroxisome, tri/dihydroxycholestanoyl-CoA => choloyl/chenodeoxycholoyl-CoA [PATH:map00120]"
M00460,5.223488868845038,5.705707176039683,1.2114759403365907,15.744387973454026,1.337255171352107,,,,7.476256753298147,,MprB-MprA (maintenance of persistent infection) two-component regulatory system [PATH:map02020] [BR:ko02022]
M00218,,2.3409579357641612,1.1069052647041726,,,,,,,,Fructose transport system [PATH:map02010] [BR:ko02000]
M00143,,0.593529049672858,,,,,,,0.18591468993802865,,"NADH dehydrogenase (ubiquinone) Fe-S protein/flavoprotein complex, mitochondria [PATH:map00190]"
M00358,1.505220134717129,3.78493599137672,0.19874562388339165,8.002267237173541,0.49938518922375136,,,3.9776498132715292,6.037310436671724,1.7141550112284911,Coenzyme M biosynthesis [PATH:map00680 map01120]
M00244,3.6451847393548342,,2.1324554490885337,6.306572231612211,1.023448921698605,2.9096742461341294,,,25.56847447961399,5.154623324354859,Putative zinc/manganese transport system [BR:ko02000]
M00409,0.8035695980229206,,,,,,,,,,ESCRT-I complex [PATH:map04144]
M00423,0.9346716022457855,,0.3729795142313351,,2.2144102308731854,,,,0.9548303876465822,,Molybdate/tungstate transport system [PATH:map02010] [BR:ko02000]
M00442,,,1.4615786229292962,2.0964421678810607,,1.114806473953458,,,0.7096165722149466,1.5065251841748972,Putative hydroxymethylpyrimidine transport system [PATH:map02010] [BR:ko02000]
M00185,14.417432855443499,21.762522994514775,1.1996965760133067,11.773630432313288,,3.9541717502573666,,,1.8777396108886972,4.550021583727242,Sulfate transport system [PATH:map02010] [BR:ko02000]
M00473,2.73901748725609,,,6.0841021247779,,,,,2.140305926569422,2.13757763420146,UhpB-UhpA (hexose phosphates uptake) two-component regulatory system [PATH:map02020] [BR:ko02022]
M00042,1.2751779163696575,2.142087612103614,,,0.21330164511346417,,,0.1408245713949086,1.0700607716074921,,"Catecholamine biosynthesis, tyrosine => dopamine => noradrenaline => adrenaline [PATH:map00350 map01100]"
M00037,0.4619614180971441,2.570505134524337,,,0.255961974136157,,,0.1689894856738903,1.2840729259289905,,"Melatonin biosynthesis, tryptophan => serotonin => melatonin [PATH:map00380 map01100]"
M00073,,,,,,,,,,1.0244600844699885,N-glycan precursor trimming [PATH:map00510 map01100]
M00074,,,,,,,,,,0.3073380253409965,"N-glycan biosynthesis, high-mannose type [PATH:map00510 map00513 map01100]"
M00502,4.238229492637098,,0.8782177105223246,,,1.0056000521682384,,,4.739478397389389,,GlrK-GlrR (amino sugar metabolism) two-component regulatory system [PATH:map02020] [BR:ko02022]
M00342,,,,4.926799369514096,,,1.348753584249102,,14.377325816795722,,Bacterial proteasome [PATH:map03050] [BR:ko03051]
M00319,,,0.26518994919013,1.2702314258953793,0.32869095599452625,,,,5.783934480965627,,Manganese/zinc/iron transport system [PATH:map02010] [BR:ko02000]
M00343,,,,2.6528406391868002,,,1.7983381123321363,,8.845933155475162,,Archaeal proteasome [PATH:map03050] [BR:ko03051]
M00692,,,,,0.06056967622401826,,,,,,Cell cycle - G1/S transition [PATH:map04110 map04111]
M00528,,,,,,,,,2.2341466354041506,,"Nitrification, ammonia => nitrite [PATH:map00910 map01120]"
M00174,,,,,,,,,0.5451840521371043,,"Methane oxidation, methanotroph, methane => formaldehyde [PATH:map00680 map01200 map01220 map01100 map01120]"
M00839,,7.812520049081252,,7.971304643641309,0.8699186846194866,,,,3.558133712485569,,PdtaS-PdtaR two-component regulatory system [BR:ko02022]
M00058,,,0.22114408726469972,,,,,,0.6057874921268961,,"Glycosaminoglycan biosynthesis, chondroitin sulfate backbone [PATH:map00532 map01100]"
M00400,,,0.32351678957888824,,,0.53260478792405,0.338217125928919,,,,p97-Ufd1-Npl4 complex [PATH:map04141]
M00403,,,0.08823185170333316,,,0.14525585125201365,0.09224103434425063,,,,HRD1/SEL1 ERAD complex [PATH:map04141]
M00059,,,,0.5050903136497433,,,0.1326639730866242,,,,"Glycosaminoglycan biosynthesis, heparan sulfate backbone [PATH:map00534 map01100]"
M00427,,,0.03513469744095483,,,,,,,,Nuclear pore complex [PATH:map03013]
M00146,0.16978565888052197,,,,,,,,,,NADH dehydrogenase (ubiquinone) 1 alpha subcomplex [PATH:map00190]
M00520,6.143362836780147,6.488466936861539,1.364543781770911,,,,,,,,ChvG-ChvI (acidity sensing) two-component regulatory system [PATH:map02020] [BR:ko02022]
M00199,,,1.5587193488368571,,,,,,,,L-Arabinose/lactose transport system [PATH:map02010] [BR:ko02000]
M00040,1.125378678147563,1.139298555368198,0.275408492233387,2.2685910591267273,,,,,0.32369147443136487,,"Tyrosine biosynthesis, prephanate => pretyrosine => tyrosine [PATH:map00400 map01230 map01100 map01110]"
M00192,,,0.7782855905131584,,,0.4528011271157885,,,,,Putative thiamine transport system [BR:ko02000]
M00204,,,0.32057869141494294,,,0.38004951628753875,,,,,Trehalose/maltose transport system [PATH:map02010] [BR:ko02000]
M00215,,,1.0519797779260747,26.447564432522615,,,,,31.31270707588892,,D-Xylose transport system [PATH:map02010] [BR:ko02000]
M00615,,,0.7827902473680608,5.232274156692551,,0.5032818316540003,,,0.88088587966436,,Nitrate assimilation
M00216,,,1.3084551287284987,13.825516073132516,,,,,10.338401421768031,,Multiple sugar transport system [PATH:map02010] [BR:ko02000]
M00324,,,,0.553358496762405,,1.5465026071026984,,,2.925276654817921,,Dipeptide transport system [PATH:map02010] [BR:ko02000]
M00220,0.3696232304684181,,1.3889444947845961,3.6124316917041925,,,,,,,Rhamnose transport system [PATH:map02010] [BR:ko02000]
M00789,,,0.1429788782532147,,,,,,,,"Rebeccamycin biosynthesis, tryptophan => rebeccamycin [PATH:map00404 map01130]"
M00790,,,0.25021303694312574,,,,,1.2062386997679835,,,"Pyrrolnitrin biosynthesis, tryptophan => pyrrolnitrin [PATH:map00404 map01130]"
M00533,,,0.7125976956525374,,,,,,,,"Homoprotocatechuate degradation, homoprotocatechuate => 2-oxohept-3-enedioate [PATH:map00350 map01220 map01120]"
M00457,1.9795899218422623,,1.0631291952681603,,,,,,1.3931577946370124,1.544620501739985,TctE-TctD (tricarboxylic acid transport) two-component regulatory system [PATH:map02020] [BR:ko02022]
M00443,0.6668600381247374,,1.297614376848717,7.238384355339275,1.5078740353300795,1.537294586302775,,,20.07253192093299,,SenX3-RegX3 (phosphate starvation response) two-component regulatory system [PATH:map02020] [BR:ko02022]
M00099,,,,0.8351773002802729,,0.1894754456972525,,,0.7550474766203714,,Sphingosine biosynthesis [PATH:map00600 map01100]
M00479,,,,,2.2993449983033853,,,,1.0453154761823755,,DesK-DesR (membrane lipid fluidity regulation) two-component regulatory system [PATH:map02020] [BR:ko02022]
M00352,,,,,,,,0.04784928844613536,0.19338956463899656,,"Spliceosome, U2-snRNP [PATH:map03040] [BR:ko03041]"
M00417,,,,0.9512578667132298,,,,,0.8931861089243442,,Cytochrome o ubiquinol oxidase [PATH:map00190]
M00450,,,,,,1.5609616539878524,,,16.152092802370333,,BaeS-BaeR (envelope stress response) two-component regulatory system [PATH:map02020] [BR:ko02022]
M00645,,,,,,0.6243846615951409,,,6.460837120948133,,"Multidrug resistance, efflux pump SmeABC [PATH:map02020]"
M00145,,,,0.5008332677891159,,,,,0.3315327252923802,,"NAD(P)H:quinone oxidoreductase, chloroplasts and cyanobacteria [PATH:map00190]"
M00475,,,,,0.6193101612312406,,,,,,BarA-UvrY (central carbon metabolism) two-component regulatory system [PATH:map02020] [BR:ko02022]
M00726,1.4720248090573833,,,,0.663941545889191,,,1.6755131064133162,4.578759108738928,1.0865543109901292,"Cationic antimicrobial peptide (CAMP) resistance, lysyl-phosphatidylglycerol (L-PG) synthase MprF [PATH:map01503]"
M00499,,,,2.411693570975972,,,,4.570862263335891,1.3581832529367055,2.2488901382828894,HydH-HydG (metal tolerance) two-component regulatory system [PATH:map02020] [BR:ko02022]
M00081,,,0.3559080885599711,,,,,,5.097929305326959,1.215127216442135,Pectin degradation [PATH:map00040 map01100]
M00242,5.9769802512124,,0.9167743658205086,12.090477426387206,1.352840038628328,,,0.8741831195965034,9.54644242393863,,Zinc transport system [PATH:map02010] [BR:ko02000]
M00350,,,,4.0422851845932986,0.2722829305502928,,,,,,"Capsaicin biosynthesis, L-Phenylalanine => Capsaicin [PATH:map00360 map01100 map01110]"
M00039,,,,1.6842854935805414,0.113451221062622,,,,,,"Monolignol biosynthesis, phenylalanine / tyrosine"
M00100,,,0.5893802701570474,1.4718465214918746,,,,0.7736204653862252,,,Sphingosine degradation [PATH:map00600 map01100]
M00191,,,,3.770026881924462,2.5072007998891532,,,,,,Thiamine transport system [PATH:map02010] [BR:ko02000]
M00101,,,,,0.13225947550995135,,,,1.8952973063919245,,"Cholesterol biosynthesis, squalene 2,3-epoxide => cholesterol [PATH:map00100 map01100]"
M00322,,,,,,,,,1.404748431537981,,Neutral amino acid transport system [PATH:map02010] [BR:ko02000]
M00112,,,,0.6961913516924183,,,0.3081760693822042,,0.7342796254944324,,Tocopherol/tocotorienol biosynthesis [PATH:map00130 map01100 map01110]
M00677,,,,,,,0.05972137506584031,,0.11464340902307626,,Wnt signaling [PATH:map04310]
M00030,,,,2.062911507850992,,,,,1.5296289765863542,,"Lysine biosynthesis, AAA pathway, 2-oxoglutarate => 2-aminoadipate => lysine [PATH:map00300 map01230 map01100]"
M00367,1.3992811831681582,,,2.686858205019661,,,0.3545673937170577,1.858867813312893,4.0716163998414086,,"C10-C20 isoprenoid biosynthesis, non-plant eukaryotes [PATH:map00900 map01100 map01110]"
M00031,,,,,,,1.073581628071647,,4.906296077070663,,"Lysine biosynthesis, mediated by LysW, 2-aminoadipate => lysine [PATH:map00300 map01210 map01230 map01100]"
M00763,,,,,,,0.8958803601382934,,4.207072350830619,,"Ornithine biosynthesis, mediated by LysW, glutamate => ornithine [PATH:map00220 map01210 map01230 map01100]"
M00651,0.8476063065602311,,,0.9571713231226681,,,0.1727104224887387,0.45461739077334257,1.2879550632857462,0.33078488910779746,"Vancomycin resistance, D-Ala-D-Lac type [PATH:map01502 map02020]"
M00433,,,,2.010517909715012,,,,,0.6992237262400449,,"Lysine biosynthesis, 2-oxoglutarate => 2-oxoadipate [PATH:map00300 map01210 map01230 map01100]"
M00452,0.6707614786152147,,0.5526318775024398,4.079565323160054,1.0669534298983034,,0.744182614396193,,5.310316387874872,,CusS-CusR (copper tolerance) two-component regulatory system [PATH:map02020] [BR:ko02022]
M00745,0.2235871595384049,,0.1842106258341466,1.359855107720018,0.3556511432994345,,0.24806087146539768,,1.770105462624957,,"Imipenem resistance, repression of porin OprD"
M00094,,,,0.6882437525608444,,,,,0.5773007989183314,,Ceramide biosynthesis [PATH:map00600 map01100]
M00538,,,,0.46749691896906265,,,,,,,"Toluene degradation, toluene => benzoate [PATH:map00623 map01220 map01120]"
M00537,,,,0.9349938379381253,,,,,,,"Xylene degradation, xylene => methylbenzoate [PATH:map00622 map01220 map01100 map01120]"
M00607,,,1.7244148534850017,,,,,,0.6214904711092986,,Glycerol transport system [PATH:map02010] [BR:ko02000]
M00551,,,,,,,,,0.7087772025169047,,"Benzoate degradation, benzoate => catechol / methylbenzoate => methylcatechol [PATH:map00362 map00622 map01220 map01100 map01120]"
M00641,,,,,,,,,0.9063857581782101,,"Multidrug resistance, efflux pump MexEF-OprN"
M00510,,,,,,,,2.0236393956838734,4.839653125827673,,Cph1-Rcp1 (light response) two-component regulatory system [PATH:map02020] [BR:ko02022]
M00823,,,,,,,,0.5361060887857705,,,"Chlortetracycline biosynthesis, pretetramide => chlortetracycline [PATH:map00253 map01057 map01130]"
M00372,,,,,0.21442009854612554,,,0.6648904052792288,,,"Abscisic acid biosynthesis, beta-carotene => abscisic acid [PATH:map00906 map01100 map01110]"
M00317,,4.762086110820722,,,,,,,,,Manganese/iron transport system [PATH:map02010] [BR:ko02000]
M00493,,,0.8664593433305122,3.512533789480748,,,,,2.5416126028718824,,AlgZ-AlgR (alginate production) two-component regulatory system [PATH:map02020] [BR:ko02022]
M00564,0.3918103824043712,,,,,,,,,0.30903168301724254,"Helicobacter pylori pathogenicity signature, cagA pathogenicity island [PATH:map05120]"
M00328,1.8505176010527438,,,,,,,,,,Hemophore/metalloprotease transport system [BR:ko02044]
M00130,0.39141903345327483,,,,,,,,,,"Inositol phosphate metabolism, PI=> PIP2 => Ins(1,4,5)P3 => Ins(1,3,4,5)P4 [PATH:map00562 map01100]"
M00249,5.787391882415608,,,,,,,,,,Capsular polysaccharide transport system [PATH:map02010] [BR:ko02000]
M00824,,,,0.42773690371356327,,,,,,,"9-membered enediyne core biosynthesis, malonyl-CoA => 3-hydroxyhexadeca-4,6,8,10,12,14-hexaenoyl-ACP => 9-membered enediyne core [PATH:map01059 map01130]"
M00238,,,,,,,,,0.729506680741579,,D-Methionine transport system [PATH:map02010] [BR:ko02000]
M00177,,,0.0122854477055274,0.040305986471473806,,,0.19595697141368396,,0.022059867014483543,,"Ribosome, eukaryotes [PATH:map03010] [BR:ko03011]"
M00418,,,,,,,,,0.28686243033323744,,"Toluene degradation, anaerobic, toluene => benzoyl-CoA [PATH:map00623 map01220 map01100 map01120]"
M00778,,,,0.259957756147322,,,,,0.23313958104548124,,"Type II polyketide backbone biosynthesis, acyl-CoA + malonyl-CoA => polyketide [PATH:map01056 map00253 map01130]"
M00676,,,,,,,,0.36050176056934696,,,PI3K-Akt signaling [PATH:map04151 map04068 map04910]
M00766,,,,5.385564907723708,0.8954447425240359,,,,,,"Streptomycin resistance, deactivating enzyme StrAB"
M00390,,,,,,,1.1310303164433573,,,,"Exosome, archaea [PATH:map03018]"
M00391,,,,,,,0.4524121265773429,,,,"Exosome, eukaryotes [PATH:map03018]"
M00288,,,,,,,0.2630032822937856,,,,RPA complex [PATH:map03030 map03420 map03430 map03440] [BR:ko03032 ko03400]
M00425,,,,,,,0.2501273533316234,,,,H/ACA ribonucleoprotein complex [PATH:map03008] [BR:ko03032 ko03009]
M00184,,,,,,,0.26910978099742583,,,,"RNA polymerase, archaea [PATH:map03020] [BR:ko03021]"
M00072,,,,,,,0.13912363199566555,,,,N-glycosylation by oligosaccharyltransferase [PATH:map00510 map01100]
M00159,,,0.10476152829724951,,,,0.43483348513347797,,,,"V-type ATPase, prokaryotes [PATH:map00190]"
M00295,,,0.06056380308085578,,,,0.07358460411641878,,,,BRCA1-associated genome surveillance complex (BASC) [PATH:map03430 map03440 map03460] [BR:ko03400]
M00055,,,0.06166935666086958,,,,0.09384426380104179,,,,N-glycan precursor biosynthesis [PATH:map00510 map01100]
M00401,,,,,,,0.33831663004326495,,,,Sec61 complex [PATH:map03060 map04141 map04145 map05110] [BR:ko02044]
M00334,0.1713851883024468,,0.7208603209359146,,,,,,,,Type VI secretion system [PATH:map03070] [BR:ko02044]
M00389,,,,0.3132087649244817,,,,,,,APC/C complex [PATH:map04120 map04110 map04114 map04914 map04111 map04113] [BR:ko04121 ko03036]
M00065,,,0.1118789696135298,,,,,,,,"GPI-anchor biosynthesis, core oligosaccharide [PATH:map00563 map01100]"
M00767,1.0075450153693533,,,,,,,,,,"Multidrug resistance, efflux pump OqxAB"
M00698,2.116862013299336,,,,,,,,,1.3287210799870435,"Multidrug resistance, efflux pump BpeEF-OprC"
M00592,4.465686639773009,,,,,,,,,,Inositol transport system [PATH:map02010] [BR:ko02000]
M00447,2.3519383621384,,0.5294097458630757,,,,,,,,CpxA-CpxR (envelope stress response) two-component regulatory system [PATH:map02020] [BR:ko02022]
M00267,2.6181079903818487,,,,,,,,,,"PTS system, N-acetylglucosamine-specific II component [PATH:map00520 map02060] [BR:ko02000]"
M00233,,,,,,,,,0.5115680410113833,,Glutamate transport system [PATH:map02010] [BR:ko02000]
M00459,,,,,,,,,9.923581803961703,,VicK-VicR (cell wall metabolism) two-component regulatory system [PATH:map02020] [BR:ko02022]
M00205,,,,7.2510691860561565,,,,,,,N-Acetylglucosamine transport system [PATH:map02010] [BR:ko02000]
M00715,,,,6.3953513765080565,,,,,,,"Lincosamide resistance, efflux pump LmrB"
M00725,,,,3.3599618677050516,,,,,,,"Cationic antimicrobial peptide (CAMP) resistance, dltABCD operon [PATH:map01503]"
M00603,,,,15.383734372192542,,,,,,,Putative aldouronate transport system [PATH:map02010] [BR:ko02000]
M00271,,,,8.642834296551163,,,,,,,"PTS system, beta-glucosides-specific II component [PATH:map02060] [BR:ko02000]"
M00722,,,,,,,,,,0.8161856100108417,"Cationic antimicrobial peptide (CAMP) resistance, phosphoethanolamine transferase PmrC [PATH:map01503]"
M00198,,4.789288824802479,0.2518146780063183,,,,,,3.085853921616337,,Putative sn-glycerol-phosphate transport system [PATH:map02010] [BR:ko02000]
M00435,,,1.1787605403140948,,,,,,2.962762390995698,,Taurine transport system [PATH:map02010] [BR:ko02000]
M00769,,,0.22083337144637766,,,,,,,,"Multidrug resistance, efflux pump MexPQ-OpmE"
M00599,,,,,,,,,3.838157855799888,,Inositol-phosphate transport system [PATH:map02010] [BR:ko02000]
M00601,,,,,,,,,1.1214477392916502,,Putative chitobiose transport system [PATH:map02010] [BR:ko02000]
M00436,,,,,,,,,0.9935657161958065,,Sulfonate transport system [PATH:map02010] [BR:ko02000]
M00302,,,,,,,,,3.016155744935455,,2-Aminoethylphosphonate transport system [PATH:map02010] [BR:ko02000]
M00467,,,0.33980574743277475,,,,,,,,SasA-RpaAB (circadian timing mediating) two-component regulatory system [PATH:map02020] [BR:ko02022]
M00813,,,,,,,,,2.1062281987893465,,Lantibiotic transport system [PATH:map02010] [BR:ko02000]
M00430,,,,0.4988073508695113,,,,,,,Exon junction complex (EJC) [PATH:map03013 map03015 map03040] [BR:ko03041]
M00505,1.9490896546223446,,,,,,,,,,KinB-AlgB (alginate production) two-component regulatory system [PATH:map02020] [BR:ko02022]
M00291,,,0.28263108104399365,,,,,,,,MRN complex [PATH:map03440] [BR:ko03032 ko03400]
M00292,,,0.28263108104399365,,,,,,,,MRX complex [PATH:map03440 map03450] [BR:ko03400]
M00633,,,0.19244705249841917,,,,,,,,"Semi-phosphorylative Entner-Doudoroff pathway, gluconate/galactonate => glycerate-3P [PATH:map00030 map00052 map01200 map01100]"
