Contig_ID,Bin_ID,group,2-1-2.norm_fold,2-8-2.norm_fold,2-9-2.norm_fold,2-10-2.norm_fold,2-12-2.norm_fold,SPE_group
k127_22792,metabat.179,PL_SUB,0.140936074597772,1.82378979481783,0.723382049339827,15.7402966653593,0.389153403632278,KI
k127_26430,metabat.179,PL_SUB,0.129880126923152,1.6135063435867,0.603069492044171,16.9823234993715,0.287868588761927,KI
k127_64248,metabat.179,PL_ALL,0.291172665336028,2.17412142117306,0.896483760679003,17.604530967007,0.537964643878246,KI
k127_67417,metabat.179,PL_SUB,0.163833007651719,1.78375879061544,0.715558072244656,15.835670790068,0.37972986759232,KI
k127_104834,metabat.179,PL_SUB,0.0757234285998395,1.60102466958044,0.499009991575761,16.6936309714244,0.235728382223549,KI
k127_137879,metabat.179,PL_SUB,0.0375509702084733,1.17322563694465,0.329853549429201,17.5485872855026,0.140389969774134,KI
k127_525937,metabat.179,PL_SUB,0.0616036532165721,1.8382109554618,0.733118150767615,16.7485412369133,0.298327985863912,KI
k127_580656,metabat.179,PL_SUB,0.161074472383791,1.99733505916038,0.639115456124552,19.6782328050686,0.292124017989715,KI
k127_676357,metabat.179,PL_SUB,0.161336151618693,1.66988075518955,0.565268730316767,18.1561555853325,0.295629147853657,KI
k127_713037,metabat.179,PL_SUB,0.0903447558500029,1.65859725292837,0.579071121464552,15.8887658844207,0.282000575826766,KI
k127_796303,metabat.179,PL_ALL,0.215590979655094,2.35820887288415,1.02544928568239,17.500048859695,0.619450514341412,KI
k127_853598,metabat.179,PL_SUB,0.15526301270867,1.59837834781253,0.610427540108926,17.3553652630325,0.315461687754745,KI
k127_854051,metabat.179,PL_SUB,0.0890581662784001,1.44327975637979,0.525434823729366,17.5966919978529,0.19513382709004,KI
k127_859394,metabat.179,PL_SUB,0.10653615850958,1.65714910290554,0.54656500781006,16.6202584343212,0.290158681596355,KI
k127_961481,metabat.179,PL_SUB,0.133783508843777,1.56064024781295,0.605701688514704,18.0648722887889,0.272252283345739,KI
k127_1004749,metabat.179,PL_SUB,0.117188684030392,1.69118062844194,0.638413537065743,16.4355661098446,0.318418091218261,KI
k127_1054772,metabat.179,PL_SUB,0.206366786624789,1.91395437361995,0.735266265128625,16.8283230951077,0.406931019156263,KI
k127_1303888,metabat.179,PL_SUB,0.199497706708605,1.87030299436049,0.713972703335967,15.8069760935536,0.417715172699316,KI
k127_1761644,metabat.179,PL_SUB,0.123578018682589,1.34696053998066,0.422089344372503,17.7320159510172,0.222519753870453,KI
k127_1852719,metabat.179,PL_SUB,0.0603170636449693,1.92459138033523,0.662756816148398,16.8577888377684,0.265757154524378,KI
k127_1968819,metabat.179,PL_SUB,0.203815414084492,2.11112689518014,0.858356243527671,16.8776593394972,0.452912051812315,KI
k127_2103078,metabat.179,PL_SUB,0.126576426582511,1.65624400914127,0.64304257223806,15.9107781810004,0.325103594505076,KI
k127_2196141,metabat.179,PL_SUB,0.144043515512236,1.68843948732731,0.629633497804264,16.8374524956595,0.326923350424854,KI
k127_2237853,metabat.179,PL_SUB,0.15357300098326,1.7528476835806,0.637760026217887,16.8529430269183,0.361078769226841,KI
k127_2270236,metabat.179,PL_SUB,0.197709565270106,1.92238467553854,0.738606431684336,16.6563369685839,0.387098479255174,KI
k127_2427501,metabat.179,PL_SUB,0.0987948144770548,1.49749056288902,0.498066031462191,16.7871524435871,0.260505058977449,KI
k127_2610720,metabat.179,PL_ALL,0.385595255929924,2.65876896214536,1.27708726826536,17.9973414971414,0.735786110480574,KI
k127_2612503,metabat.179,PL_SUB,0.1224549786328,1.69647327197775,0.625887912481827,15.9622990561378,0.298641543807012,KI
k127_2985758,metabat.179,PL_SUB,0.170473118237364,1.59139619591677,0.618463303127013,16.9444030215371,0.31818852200992,KI
k127_3363111,metabat.179,PL_SUB,0.12562783935599,1.53565965991921,0.513804751048068,16.8881327163179,0.282655687957886,KI
k127_3450107,metabat.179,PL_SUB,0.0710241056730532,1.51644581229493,0.431226394189756,17.6167713245796,0.224664266231299,KI
k127_3514032,metabat.179,PL_SUB,0.128081082183199,1.75759727085784,0.605132892036014,16.0449187925096,0.342987595759756,KI
k127_3763042,metabat.179,PL_ALL,0.258898893031417,2.26922522594588,0.930557090163076,17.693517188573,0.549297523821725,KI
k127_3785440,metabat.179,PL_SUB,0.114997120438086,1.42546233913467,0.448750166554501,18.2250035808133,0.292807126365755,KI
k127_4037824,metabat.179,PL_ALL,0.266454880939219,1.94764110153187,0.760765290247767,17.8682822939158,0.533765207140297,KI
k127_4052180,metabat.179,PL_SUB,0.0804227515266258,1.73377175500612,0.603214716677028,15.9220547308902,0.266501854639241,KI
k127_4735353,metabat.179,PL_SUB,0.0756689120925682,1.30900694146578,0.448804625791822,16.389383658373,0.175558852642213,KI
k127_4868079,metabat.179,PL_SUB,0.12511538418764,1.84340877965087,0.611298887906068,17.1871701133947,0.31863086267965,KI
k127_5231535,metabat.179,PL_SUB,0.0839336145948977,1.57938861864417,0.452695435747116,18.562282724952,0.183996920860999,KI
k127_52283,metabat.151,PL_ALL,0.337926021971897,0.988319290875414,0.735338877445053,1.78824877482641,2.05509235457267,KI
k127_264586,metabat.151,PL_ALL,0.0712748816065012,0.921411311844626,0.617337812222371,1.60513066956523,1.94838186743688,KI
k127_283750,metabat.151,PL_ALL,0.0134873838989203,0.894258498916646,0.657099106493344,1.70242705515256,1.70328034241423,KI
k127_507899,metabat.151,PL_ALL,0.257470560540908,0.888146961022697,0.657183820862511,1.71990410113555,1.92282689507422,KI
k127_573181,metabat.151,PL_SUB,0.198440086467542,0.16341683412338,0.293819687401557,0.58072625586149,3.96507457247774,KI
k127_600618,metabat.151,PL_ALL,0.01297492873057,0.760201182517933,0.524115699980915,1.8240488757585,2.03249378567352,KI
k127_673617,metabat.151,PL_ALL,0.104671693960901,0.896068686445178,0.765618213395738,1.99159077796682,2.28827867775751,KI
k127_877440,metabat.151,PL_ALL,0.089472491733662,0.85631352034237,0.584680422908653,1.62356081425686,2.00937448661886,KI
k127_912923,metabat.151,PL_ALL,0.0344108193896463,0.804723175779208,0.490701932371067,1.67741624578167,1.72831458462139,KI
k127_1084877,metabat.151,PL_ALL,0.0922637369059527,0.919325286216508,0.613217063265054,1.88053336046273,1.90138737071474,KI
k127_1462658,metabat.151,PL_ALL,0.243089105922739,0.979070094598676,0.699770944447826,1.77391481278705,1.98590243487821,KI
k127_1535354,metabat.151,PL_SUB,0.00556068374167288,0.490914237797267,0.236498314607625,1.42393482518269,1.8006568814938,KI
k127_1718293,metabat.151,PL_SUB,0,0.674915490102239,0.449978524907416,1.48588624124374,1.45373301369834,KI
k127_2166569,metabat.151,PL_ALL,0.395931585708563,1.02791067810659,0.854247596623092,2.07742320661493,2.96654930267513,KI
k127_2426731,metabat.151,PL_ALL,0.281828535989727,0.848046997295407,0.634625594558723,1.40780710995573,1.71514515101119,KI
k127_3056721,metabat.151,PL_ALL,0.0396989205949626,0.821101062942117,0.630746886656168,1.78055437682471,2.00934649037394,KI
k127_3141255,metabat.151,PL_SUB,0,0.708093641518047,0.364531981550179,1.42230706109604,1.70030714120376,KI
k127_5638328,metabat.151,PL_ALL,0.266803786585755,0.589414299171244,0.550939899874877,1.36897636930969,1.84704665932568,KI
k127_5872357,metabat.151,PL_ALL,0.121888006957179,0.630272817672395,0.489273890147973,1.3775007128161,1.50698747078452,KI
k127_836320,metabat.156,PL_ALL,0.0995907554832158,0.789362441608522,0.612678521918209,1.43416189559553,1.61985713180263,KI
k127_2486695,metabat.156,PL_ALL,0.0954256943276883,0.694077618082842,0.553523688134458,1.64648872813529,1.72189224603682,KI
k127_4292954,metabat.156,PL_ALL,0.0630101791041717,0.731324381467541,0.60749279231994,1.46208554596359,1.5000947952853,KI
k127_1288016,maxbin2.041,PL_ALL,0,0.944331733932086,0.825831976794072,2.51884712537665,0.508389410745116,KI
k127_3082957,maxbin2.041,PL_SUB,0,0.321377245839327,0.270444572537949,1.35542951687801,0.797954571949174,KI
k127_3150984,maxbin2.041,PL_SUB,0,0.486905965412661,0.546619467047381,2.46494885795483,0.148083337878057,KI
k127_3179386,maxbin2.041,PL_SUB,0,0.0290922995656929,1.06343762922723,2.40569074891873,0.175609245883068,KI
k127_4819433,maxbin2.041,PL_SUB,0.0130839617451127,0.677535952048305,0.309413182354578,1.50129645519566,0.170760296262983,KI
k127_5113437,maxbin2.041,PL_SUB,0.315443414373212,0.750857166894463,0.9475181170755,1.88682488283713,0.215397509162891,KI
k127_5845040,maxbin2.041,PL_SUB,0,0.447486976993723,0.650969416781505,0.955797370143648,0.918232039373023,KI
k127_304758,maxbin2.015,PL_SUB,0.00184265794577003,0.194457240267397,0.966796687087267,2.92087272785685,0.0576554667875507,KI
k127_2043423,maxbin2.015,PL_SUB,0.3005713111896,0.365235503673474,0.480124738277982,0.605314060749334,3.07454201782823,KI
k127_4005130,maxbin2.015,PL_ALL,0.0929724515004796,1.07126897938524,1.17504275957784,1.87340653809651,2.80634918999584,KI
k127_5904730,maxbin2.015,PL_ALL,0.0930923878164765,1.24077149158073,1.61731227689109,2.30374131401791,2.19819796010401,KI
k127_2887470,metabat.154,PL_ALL,0.0214467939605305,1.63678018323925,1.66383256761629,3.20089098665796,1.19234327338143,KI
k127_4842595,metabat.154,PL_ALL,0.0248268174113513,1.56874299198828,1.60107737314295,2.91021729847384,1.31152328800443,KI
k127_3200618,metabat.172_sub,PL_ALL,0.439577501429968,1.35008095848223,1.65067763628999,2.12867635739595,0.850581913149153,KI
k127_1727712,metabat.14,PL_SUB,0.104944276497258,0.942719805037631,0.706293950873653,2.37571632998098,0.461646880227249,KI
k127_4931880,maxbin2.012,PL_SUB,0,0.355494970781849,0.429985933784102,2.58042908182593,2.63007363348369,KI
k127_351382,metabat.177_sub,PL_SUB,0.12120109896556,0.532824389053089,0.538365867080008,0.883918734948871,0.121990837612933,KI
k127_1378663,metabat.177_sub,PL_SUB,0.0166166314162931,0.633246697183555,0.770561901939245,1.22202782459236,0.185273549629335,KI
k127_1471605,metabat.177_sub,PL_SUB,0.124406669593113,0.494396693804538,0.415058051731677,0.882933509317477,0.111167489326992,KI
k127_2861727,metabat.177_sub,PL_SUB,0.310951254174056,0.611421007553826,0.671113283564045,1.01435939585322,0.208577623900461,KI
k127_2866130,metabat.177_sub,PL_SUB,0.0446272128522884,0.382673643531665,0.483380190464526,0.845950066730296,0.0689827474820457,KI
k127_3438008,metabat.177_sub,PL_SUB,0.0816548245909572,0.516101704265698,0.587367078616508,0.912233262877207,0.134549953083893,KI
k127_4086102,metabat.177_sub,PL_SUB,0.0852311074679546,0.420523802759208,0.510464584492357,0.854999149975169,0.128788325879426,KI
k127_4388326,metabat.177_sub,PL_SUB,0.0449979251017333,0.420610002165329,0.5221249123055,0.830261419447765,0.133301320560476,KI
k127_4423912,metabat.177_sub,PL_SUB,0.196019553544696,0.536780941794023,0.540217481148935,0.933495931259094,0.0963126817726192,KI
k127_4480481,metabat.177_sub,PL_SUB,0.0544401841611229,0.507007666919978,0.465523611649484,0.877289879885468,0.116609959339374,KI
k127_4737195,metabat.177_sub,PL_SUB,0.197764081777378,0.696482581513606,0.70101140485348,1.04830148975218,0.256753562158215,KI
k127_5544364,metabat.177_sub,PL_SUB,0.048377948552554,0.449460943393884,0.50287054639921,0.95620431116531,0.0893584145345753,KI
k127_92600,metabat.164_sub,PL_SUB,0.00692359642345544,0.376631065162613,0.432430548437195,0.72008213783253,0.877911847439727,KI
k127_316252,metabat.164_sub,PL_ALL,0.0161914026595769,0.514248417034106,0.67537320612785,0.93479707163099,0.848795752723279,KI
k127_374191,metabat.164_sub,PL_SUB,0.00377254230317415,0.417584403010497,0.550431613659877,0.841479069979131,0.883684673142161,KI
k127_518649,metabat.164_sub,PL_SUB,0.0036198960828145,0.436556892297635,0.549408990203509,0.793245849937821,0.770501454180954,KI
k127_782726,metabat.164_sub,PL_ALL,0.0161586927552141,0.488173096682633,0.606028443938632,0.92289404674735,0.785630624935539,KI
k127_955807,metabat.164_sub,PL_SUB,0,0.376432806528536,0.592371277423705,0.761654375887674,0.920925278134294,KI
k127_1240696,metabat.164_sub,PL_SUB,0.0191352940522273,0.402568466464293,0.564070627095697,0.890809959881505,0.511093848004355,KI
k127_1311417,metabat.164_sub,PL_ALL,0.01607146634358,0.531298659564755,0.660142772756972,0.946978529845242,0.903130864863358,KI
k127_1470744,metabat.164_sub,PL_SUB,0.00493919555878003,0.479458336723843,0.715255520926204,0.939600046584038,0.833711375960565,KI
k127_1497049,metabat.164_sub,PL_SUB,0.00625849503474555,0.475519023864133,0.610324672660652,0.913293451328381,0.924200838789895,KI
k127_1812221,metabat.164_sub,PL_ALL,0,0.573838066485257,0.683433173251414,1.06108265052467,1.02213170351887,KI
k127_1821311,metabat.164_sub,PL_SUB,0,0.477803308126328,0.491772964038387,0.847765237866398,0.829080797050853,KI
k127_1829509,metabat.164_sub,PL_ALL,0.0103472330800933,0.531186600336798,0.736978705591064,1.32713105241106,0.871601493834835,KI
k127_2133979,metabat.164_sub,PL_SUB,0.00694540302636397,0.443177006687695,0.60377141110298,0.841457652030622,0.714833720782699,KI
k127_2194951,metabat.164_sub,PL_SUB,0.00746876149616847,0.398715353010704,0.568651254057062,0.752487493926004,0.67077882977712,KI
k127_2298820,metabat.164_sub,PL_SUB,0,0.423351143279963,0.635769238542472,0.839513973203469,0.806515823645606,KI
k127_2481569,metabat.164_sub,PL_ALL,0,0.496853376878975,0.594150279176204,0.942566432452476,0.734604668944964,KI
k127_2715559,metabat.164_sub,PL_ALL,0.0196368459191232,0.521946024000673,0.748741900852481,1.00487124466392,0.980708459535739,KI
k127_2740914,metabat.164_sub,PL_ALL,0.0765302729074547,0.61072279236425,0.768807104292223,1.12914889088492,1.14275072513074,KI
k127_2793280,metabat.164_sub,PL_ALL,0.00564791015330696,0.494207055111073,0.684734143920758,0.917925082693361,0.968944437420498,KI
k127_3012810,metabat.164_sub,PL_SUB,0.00135200938032831,0.443892461758496,0.545445567931787,0.853992506395266,0.835368753659809,KI
k127_3130850,metabat.164_sub,PL_ALL,0.00358718617845172,0.509740188094,0.594640412312096,0.884748680453579,0.797036295115809,KI
k127_3259034,metabat.164_sub,PL_ALL,0.0103036198742762,0.575579294488893,0.624580890786114,0.968160880920222,0.84126476283989,KI
k127_3414173,metabat.164_sub,PL_ALL,0.0274654163632823,0.482501175759899,0.600364683257209,0.91219042698019,0.937437463387911,KI
k127_3463189,metabat.164_sub,PL_ALL,0.0172381195991859,0.519153163242367,0.621186264993082,0.8940440701063,0.894547216170989,KI
k127_3667885,metabat.164_sub,PL_ALL,0.00148284899777943,0.508464436883416,0.660578446655543,0.991651015947001,1.03323501425401,KI
k127_3894010,metabat.164_sub,PL_ALL,0.00518997149222802,0.485233696933922,0.68048632340969,0.934711399836956,0.879244468697902,KI
k127_4119272,metabat.164_sub,PL_SUB,0.00895161049394791,0.451443529734658,0.582834859866096,0.827348578450599,0.830374223566141,KI
k127_4309291,metabat.164_sub,PL_ALL,0.00213704708503507,0.515050071511027,0.673194836634995,0.97288889305349,0.863129830122145,KI
k127_4395633,metabat.164_sub,PL_SUB,0,0.383337378958794,0.533906260646024,0.789208566643955,0.844601915234313,KI
k127_4443473,metabat.164_sub,PL_ALL,0.0206835628587322,0.657554929709556,0.779208818620606,1.1469579150698,0.896971690981032,KI
k127_4472292,metabat.164_sub,PL_SUB,0.0125387966723996,0.414515704152605,0.54302515738417,0.771212135409625,0.919962207309058,KI
k127_4595957,metabat.164_sub,PL_SUB,0.169295561680303,0.472924421739904,0.6385587616986,0.836611841180557,1.00106172959233,KI
k127_4776171,metabat.164_sub,PL_SUB,0,0.305016598557643,0.564264259939507,0.874039706199291,0.734397496732558,KI
k127_4976656,metabat.164_sub,PL_SUB,0.0165185017032047,0.257305227269906,0.554842811882909,0.665878664644455,0.774874467637405,KI
k127_5082937,metabat.164_sub,PL_SUB,0.0110341410717117,0.474553590515583,0.608993446859463,0.93980351709487,0.691473654021733,KI
k127_5313935,metabat.164_sub,PL_SUB,0.00819928269360393,0.391836640402282,0.640924713008896,0.849783879513331,0.836029465039913,KI
k127_5413150,metabat.164_sub,PL_SUB,0.0447144392639225,0.3107057593616,0.434064325556837,0.640551940533066,0.492560333867539,KI
k127_5475958,metabat.164_sub,PL_SUB,0.00822108929651245,0.426445701959692,0.567096140280218,0.817132217012009,0.849848411532258,KI
k127_5522057,metabat.164_sub,PL_SUB,0,0.415489757441767,0.631285428003012,0.913678974401536,0.764706231482584,KI
k127_5533477,metabat.164_sub,PL_SUB,0.00341273335518355,0.432496900269356,0.56948629569599,0.829806288041958,0.778989915640595,KI
k127_5586440,metabat.164_sub,PL_SUB,0,0.459761772425293,0.593714605277633,0.874259240171504,0.854210226490741,KI
k127_5639635,metabat.164_sub,PL_SUB,0.00272582536356514,0.297456910640868,0.454655968290685,0.669369790251353,0.831258904905603,KI
k127_5762957,metabat.164_sub,PL_SUB,0.00209343387921802,0.407335293622761,0.580886429375264,0.822069054143235,0.779141095363161,KI
k127_5782736,metabat.164_sub,PL_SUB,0.0121026646142292,0.443883841817883,0.69210429403825,0.981059840409511,0.777349335688303,KI
k127_5905562,metabat.164_sub,PL_SUB,0,0.379372206277248,0.666587115840002,0.839953041147895,0.992231713944672,KI
k127_1365429,metabat.121,PL_SUB,0.119598313651784,0.220592900203155,0.201093759322363,0.910787551352878,0.877368720288285,KI
k127_3884719,metabat.121,PL_SUB,0.153878293423979,0.34263401938866,0.430324791260769,1.13228662034143,1.11707256929043,KI
k127_5164184,metabat.121,PL_SUB,0.0545601204771198,0.189000817859965,0.211162667200448,0.681626211285385,1.70666228880053,KI
k127_5415726,metabat.121,PL_SUB,0,0.254055509659161,0.198025888953258,0.980117450675134,1.18321089828863,KI
k127_5454285,metabat.121,PL_SUB,0.00336912014936651,0.268269791728443,0.17080232131894,0.991656370434128,0.976984958961424,KI
k127_32183,maxbin2.071_sub,PL_ALL,0.417672768808359,1.03003980343777,0.835090047138706,1.64172323459213,0.88245843761468,KI
k127_151595,maxbin2.071_sub,PL_ALL,0.239207530605022,0.957011666572422,0.81296144370712,1.8862465982274,0.763955932118737,KI
k127_5726173,maxbin2.071_sub,PL_ALL,0.0500025404692388,1.00476613756322,0.96602215571203,1.74525224319545,0.643241723274141,KI
k127_3722439,metabat.167,PL_SUB,0.00750147140053125,0.0828117694600331,0.155239081497765,0.565974643826209,0.549538291528034,KI
k127_949856,metabat.26,PL_ALL,0.00993290762483135,0.896697942109858,0.81870991875771,4.49792982141447,3.07160241211167,KI
k127_2815630,metabat.26,PL_SUB,0,0.92503168690169,0.322804103709267,3.80936419481231,1.52732394309416,KI
k127_33995,metabat.53,PL_SUB,0.0610039716365877,0.536444764110153,0.3301076925367,1.21765856309661,1.56258801319497,KI
k127_214454,metabat.53,PL_SUB,0.152526284043651,0.744581850128885,0.479096063795245,1.31322544934187,1.48244036323896,KI
k127_270704,metabat.53,PL_SUB,0.0356865056597948,0.574036325119334,0.435776766019275,1.38099719291012,1.54146204677859,KI
k127_405568,metabat.53,PL_SUB,0,0.573544988504447,0.305685750111248,1.18198696985558,1.15803667485687,KI
k127_407563,metabat.53,PL_SUB,0.00836283221541784,0.401689232521864,0.221165013788474,1.10603356995704,1.35975521875202,KI
k127_473756,metabat.53,PL_SUB,0,0.251960864090431,0.149666086211877,1.21070308431845,1.39861960594949,KI
k127_545144,metabat.53,PL_SUB,0.0319575765624377,0.305628614341099,0.13619650151439,1.11302117565797,1.27271489329679,KI
k127_746586,metabat.53,PL_SUB,0.0861033715842955,0.3601066390093,0.198824624433972,0.851042183988209,0.962275731880634,KI
k127_979107,metabat.53,PL_ALL,0.173733205372187,0.695249930006082,0.874639555486762,1.1996460684009,1.73783890714306,KI
k127_999021,metabat.53,PL_ALL,0.40592991314212,0.730031390375733,0.646098340554426,1.50080384237996,2.02146326517517,KI
k127_1134262,metabat.53,PL_SUB,0.19257411028515,0.330764361165857,0.32032318289796,0.743545500423674,1.76906591872645,KI
k127_1215441,metabat.53,PL_SUB,0.0163331455784823,0.582164929116504,0.319433682021711,1.27879074262721,1.43760717662461,KI
k127_1283016,metabat.53,PL_SUB,0.0338111378096619,0.363494275669838,0.170911239793583,0.998033564602556,1.12573460746857,KI
k127_1314611,metabat.53,PL_SUB,0.036700512695041,0.236798388553822,0.132039446398859,0.898081353400166,0.846998393799437,KI
k127_1353181,metabat.53,PL_SUB,0.0394917578673317,0.643254448234153,0.385686369736348,1.22978112195246,1.07765945569253,KI
k127_1466878,metabat.53,PL_SUB,0.0807498505702536,0.426471561781528,0.25547433330094,0.962378034822907,1.28117535851151,KI
k127_1593425,metabat.53,PL_ALL,0.0915332157085173,0.634763806731277,0.51947456275586,1.10600144303428,1.23894022342571,KI
k127_1680858,metabat.53,PL_SUB,0.010336329778639,0.588819523269012,0.334252645599494,1.21480462145784,1.22617953499133,KI
k127_1846857,metabat.53,PL_SUB,0.00571332996203252,0.247918111943376,0.219283144587702,0.939857061966141,1.74741362290559,KI
k127_2123192,metabat.53,PL_SUB,0.00306382770864721,0.347056048922645,0.178450818649408,0.889380311818558,0.963546761399987,KI
k127_2213612,metabat.53,PL_SUB,0.0362970905412333,0.47655341673758,0.238331775597445,1.06617476778259,0.976553816789662,KI
k127_2228431,metabat.53,PL_SUB,0.00707624264381509,0.308162876881043,0.181337158227441,0.964964252105317,1.9910649424414,KI
k127_2354530,metabat.53,PL_SUB,0.00203891737194672,0.428255889488224,0.783214598076911,1.20202881517247,1.16145781598606,KI
k127_2631275,metabat.53,PL_SUB,0.00757779451071108,0.36764908704485,0.203865129399384,1.02794372969478,1.785600500976,KI
k127_2790136,metabat.53,PL_SUB,0.00283485837810774,0.23834135792338,0.19119428018261,0.54012317997636,2.72472893755706,KI
k127_2857903,metabat.53,PL_SUB,0.0611130046511303,0.311024697164246,0.292452155442154,0.612756797856063,1.57458160451855,KI
k127_2919513,metabat.53,PL_SUB,0.334600515028348,0.495715544718183,0.46050125976318,1.19507869088144,1.82740449389004,KI
k127_3097125,metabat.53,PL_SUB,0.004394030486067,0.372105596341283,0.126048930293507,1.02253569769637,1.19582040700045,KI
k127_3503735,metabat.53,PL_SUB,0.0636752804928816,0.482535655522348,0.376500911708143,1.00759132412451,0.956670883647718,KI
k127_3509164,metabat.53,PL_SUB,0.28229737795226,0.539772061186407,0.393334867066817,0.990371293523614,1.26625335996933,KI
k127_3568815,metabat.53,PL_SUB,0.0180231573038927,0.399835945290271,0.164152243339363,1.12114928711697,1.4402948161369,KI
k127_3602312,metabat.53,PL_SUB,0.035403019821984,0.379415305980308,0.198334491298079,1.0449709987591,1.21348043829577,KI
k127_3614479,metabat.53,PL_SUB,0.00763231101798238,0.390172991864155,0.326743321875513,1.2477400717769,1.60209071477661,KI
k127_3805273,metabat.53,PL_SUB,0.00283485837810774,0.467054242183093,0.741976853371892,1.15062038426477,1.05990983641346,KI
k127_3857463,metabat.53,PL_ALL,0.0967886070094708,0.657951446977711,0.545796527461191,1.406302499073,2.01065671463618,KI
k127_3872782,metabat.53,PL_SUB,0.0174343790253626,0.441996074823843,0.210551513537175,1.01498051635997,1.23276985104542,KI
k127_4003344,metabat.53,PL_SUB,0.0308890530199201,0.578104937088225,0.376119697046893,1.2062749234643,1.57828270809693,KI
k127_4006955,metabat.53,PL_SUB,0.32158197309196,0.370010950772554,0.294769698541497,1.02338706114958,1.16246568080317,KI
k127_4055514,metabat.53,PL_SUB,0.00701082283508953,0.280044630604513,0.272544278688007,0.908431577016935,1.091433608193,KI
k127_4145277,metabat.53,PL_SUB,0.16478159487824,0.475544883685969,0.296342965397448,1.26387849597811,1.40653694401277,KI
k127_4240278,metabat.53,PL_SUB,0.00296569799555887,0.26720953903316,0.106098696354777,0.743513373500911,1.05264201123232,KI
k127_4254002,metabat.53,PL_SUB,0.0102709099699134,0.379639424436221,0.161229597603116,1.04514769683429,1.66338569340372,KI
k127_4277316,metabat.53,PL_SUB,0,0.22258410648454,0.501400146991532,0.831932019431434,0.936916733232405,KI
k127_4331338,metabat.53,PL_SUB,0.034399916088192,0.609283262282036,0.376168105257846,1.10359727831419,1.26118603963888,KI
k127_4659221,metabat.53,PL_ALL,0.332169078804047,0.633944912373132,0.673255346898686,1.15743664637762,1.94904257881699,KI
k127_4822587,metabat.53,PL_SUB,0.0759633012318332,0.64516807505003,0.626559576408791,1.30120462574143,0.443006980359738,KI
k127_5011596,metabat.53,PL_SUB,0.0544947006683942,0.354684696364316,0.231839024303463,1.18487839290423,1.43373809557672,KI
k127_5205498,metabat.53,PL_SUB,0.0482143990307401,0.309800665597334,0.413569499244892,1.17238637443661,1.11796284987887,KI
k127_5286827,metabat.53,PL_SUB,0.00510274508059393,0.405938863243608,0.341126611554725,1.18583149161287,1.99784563296094,KI
k127_5397571,metabat.53,PL_SUB,0.150923498729874,0.494215675051685,0.478896379925066,1.07892380163232,1.3098939065501,KI
k127_5663869,metabat.53,PL_SUB,0.0147412635661603,0.412705516624073,0.281463491555974,1.11586976280961,2.40085717782845,KI
k127_5791054,metabat.53,PL_SUB,0,0.200379139467881,0.127162319145411,0.946378827287002,1.03645458241977,KI
k127_473292,metabat.138,PL_SUB,0.109807148945858,0.35143497875357,0.267316191905155,0.683709106777844,0.486093201291097,KI
k127_694085,metabat.138,PL_SUB,0.107015903773567,0.500577191223383,0.451684914343486,0.792951353145828,0.501681510462365,KI
k127_935137,metabat.138,PL_SUB,0.0513218399452044,0.330798840928306,0.1996596660729,0.629162946413631,0.498848290476495,KI
k127_1098571,metabat.138,PL_SUB,0.00919148312594164,0.244590814867122,0.113396234155841,0.614802211938632,0.496731774360569,KI
k127_1843428,metabat.138,PL_SUB,0.20834028418801,0.364416609315328,0.286110679807398,0.761536577170876,0.515707629167115,KI
k127_2258149,metabat.138,PL_SUB,0.0775987964499723,0.391836640402282,0.324056666167659,0.652738753234445,0.483920692685331,KI
k127_2464966,metabat.138,PL_SUB,0.0233330651121176,0.24248754935778,0.106721952070788,0.6285846618039,0.51565723592626,KI
k127_3487163,metabat.138,PL_SUB,0.0854818834014027,0.44215123375486,0.364423063075536,0.724558489070823,0.487599399267775,KI
k127_3556553,metabat.138,PL_SUB,0.147041923412158,0.434539826194413,0.353022929396261,0.654077375016231,0.486003613307354,KI
k127_3696720,metabat.138,PL_SUB,0.00936593594920981,0.431652146089374,0.403313009549367,0.758377429765862,0.504811490644383,KI
k127_4013922,metabat.138,PL_SUB,0.136781916743698,0.318343026743883,0.359896895351493,0.894804407278354,0.559622538948096,KI
k127_4305132,metabat.138,PL_SUB,0.146911083794707,0.459727292662845,0.386884472957419,0.861392407604978,0.484307040865223,KI
k127_4506376,metabat.138,PL_SUB,0.171236349339162,0.443582143896461,0.310290581178089,0.727171478788869,0.540965841333634,KI
k127_4588132,metabat.138,PL_SUB,0.0189608412289591,0.223204742208608,0.17547371367584,0.595627793536331,0.484122265648753,KI
k127_4644769,metabat.138,PL_SUB,0.196641041727589,0.371821138301086,0.333702002199911,0.672957296626539,0.493820164888924,KI
k127_5015255,metabat.138,PL_SUB,0.105107826019072,0.37908774823705,0.3448842989299,0.632102559846433,0.489687919138782,KI
k127_5938631,metabat.138,PL_SUB,0.163135196358646,0.406662938255021,0.337151087230265,0.688276484297297,0.572080867937345,KI
k127_3128822,metabat.115,PL_SUB,0.0905083053718168,0.656839474638755,0.499687706529094,1.27366649844653,0.455935646263638,KI
k127_4768106,metabat.94,PL_SUB,0.25972754394194,0.58122535558979,0.802239024981178,1.23385053216909,0.375860786544422,KI
k127_1518479,metabat.123_sub,PL_SUB,0.0662920728419041,0.53802221324216,0.455218713743006,0.955256566943806,0.630105885157835,KI
k127_2712919,metabat.123_sub,PL_ALL,0.0108487849469892,0.492508926810498,0.785126722409528,1.19039351464519,0.556761322717307,KI
k127_760591,maxbin2.021_sub,PL_ALL,0.215089427788198,2.50948021068514,1.97543622151646,4.95106400352325,0.78785352678216,KI
k127_505344,metabat.122,PL_SUB,0.162208415735034,0.257124208517053,0.262184921544207,0.592688180103529,0.603744620941482,KI
k127_2892176,metabat.122,PL_SUB,0.095709180165499,0.30730950276045,0.379962098791235,0.650613021844969,0.653370764686074,KI
k127_12215,metabat.174,PL_ALL,0.020672659557278,0.674872390399179,0.574835403006222,1.51886452745982,1.71805116123385,KI
k127_22370,metabat.174,PL_ALL,0.0759087847245619,0.768588384733464,0.514573231396936,1.48008733168504,1.64355875275161,KI
k127_24434,metabat.174,PL_ALL,0.0768900818554454,0.890853622374883,0.637693464927828,1.56111143089298,1.95631600324712,KI
k127_31385,metabat.174,PL_ALL,0.0548327030134763,0.829134847592554,0.610506203451723,1.70649646536919,1.71181919711473,KI
k127_45558,metabat.174,PL_SUB,0.189335829753234,0.725462821851343,0.441010903828496,1.40280066449185,1.5222230272698,KI
k127_49947,metabat.174,PL_ALL,0.131646461758742,0.940357941309928,0.605169198194228,1.71554019412693,1.92329723198887,KI
k127_63094,metabat.174,PL_ALL,0.192835789520052,0.763950856684178,0.757830542458781,1.53463884653638,2.12943918258132,KI
k127_93936,metabat.174,PL_SUB,0.0520959743484569,0.590215953648166,0.392203325135806,1.34102059201887,1.44723788487698,KI
k127_103769,metabat.174,PL_ALL,0.00908245011139903,0.832962101224307,0.482303107770837,1.62741069050127,1.41357519998558,KI
k127_117160,metabat.174,PL_ALL,0.0608513254162281,0.735720551179691,0.569026417691943,1.4109180669766,1.81758341117223,KI
k127_118316,metabat.174,PL_ALL,0.243089105922739,0.770450291905669,0.648331169284603,1.39165797678027,1.711376856445,KI
k127_170676,metabat.174,PL_ALL,0.0695848698810908,0.672079529640873,0.598664344847509,1.50148386224511,1.61847411730359,KI
k127_215131,metabat.174,PL_ALL,0.00740334168744291,0.715541270206865,0.609465426916248,1.35025172782606,1.47466300640028,KI
k127_222505,metabat.174,PL_ALL,0.122465881934254,0.873656840853829,0.678773882947252,1.7067159993414,2.06518220124171,KI
k127_248277,metabat.174,PL_ALL,0.145373718289656,0.920359679089955,0.809609175098671,1.64234435509888,1.85941540033118,KI
k127_258029,metabat.174,PL_SUB,0.120001735805592,0.718222071737215,0.45860728850967,1.27059302283555,1.41860892482213,KI
k127_260484,metabat.174,PL_SUB,0.00238782301848306,0.443289065915651,0.467187643900971,1.31023229103779,1.16019238571569,KI
k127_276146,metabat.174,PL_ALL,0.0335712651776682,0.847995277651735,0.617743230989097,1.74057242144633,2.0024594141237,KI
k127_281495,metabat.174,PL_ALL,0.120426964562308,0.770493391608729,0.55009880720958,1.62270409631651,1.73980984278541,KI
k127_306928,metabat.174,PL_ALL,0.119020438674708,0.685750755451595,0.53147374804567,1.40521018369907,1.63735478487741,KI
k127_308413,metabat.174,PL_ALL,0.195659744596705,0.700335694967196,0.656251962801678,1.35715366173295,1.50126503832294,KI
k127_316834,metabat.174,PL_ALL,0.0384668475306312,0.897223758487193,0.586852741375139,1.6540278460103,1.63693484120362,KI
k127_325946,metabat.174,PL_ALL,0.147674314896505,0.962519808623526,0.759004441574375,1.63637410195211,1.56764413502746,KI
k127_332445,metabat.174,PL_SUB,0.032099319481343,0.691853673404932,0.472536751211204,1.33149495941968,1.52149512490189,KI
k127_336238,metabat.174,PL_ALL,0.214413423098034,0.853486179821616,0.581842491541573,1.55113066688799,1.65550195083434,KI
k127_350989,metabat.174,PL_ALL,0.0408764771520228,0.766933356135949,0.630087324781942,1.50559610835876,1.69774268516912,KI
k127_351503,metabat.174,PL_SUB,0.00709804924672361,0.668174696543611,0.445839622870992,1.56248753408466,1.71296704315644,KI
k127_373484,metabat.174,PL_ALL,0.0790162256390261,0.733341447570763,0.515662416143364,1.51777756657301,1.25336388880832,KI
k127_380596,metabat.174,PL_SUB,0.00157007540941352,0.556934362945013,0.297238517300066,1.17003575458779,1.26398006488186,KI
k127_392590,metabat.174,PL_ALL,0.145177458863479,0.774070666962733,0.552948840629399,1.42134325341315,1.51480962161507,KI
k127_396196,metabat.174,PL_ALL,0.0346288854187315,0.866631589255003,0.584347616458356,1.57896864546201,1.81140743954295,KI
k127_405280,metabat.174,PL_ALL,0.0954038877247797,0.914696378107833,0.636168606282829,1.7596022686962,1.88839151382303,KI
k127_411735,metabat.174,PL_ALL,0,0.559304846613329,0.489636951730115,1.42503784953088,1.41864252031604,KI
k127_425801,metabat.174,PL_SUB,0.0348796613521795,0.464899257030079,0.305413453924641,1.05398795508121,1.1747896278168,KI
k127_434933,metabat.174,PL_ALL,0.0906282416878136,0.736841143459258,0.52970079731954,1.36638479754015,1.50567724652228,KI
k127_440923,metabat.174,PL_ALL,0.0769445983627167,0.682725156296763,0.556428180791598,1.42375277262037,1.59896633384357,KI
k127_458013,metabat.174,PL_ALL,0.0533062408098798,0.799499491768301,0.590090040482577,1.50518916733709,1.64777498723651,KI
k127_461213,metabat.174,PL_ALL,0.220203076170246,0.780363223609535,0.668462934014405,1.64372045829055,1.80107682516759,KI
k127_472840,metabat.174,PL_ALL,0.0416942247610923,0.740763216437744,0.502525637896174,1.52218430947865,1.59145214170714,KI
k127_482571,metabat.174,PL_SUB,0.0732047659639053,0.725480061732567,0.447969584152894,1.33788821704949,1.39832284575334,KI
k127_497902,metabat.174,PL_ALL,0.1610962789867,0.907498727696766,0.660554242550067,1.66411034527072,2.21251523975592,KI
k127_518366,metabat.174,PL_SUB,0.110723026268016,0.668553973930541,0.463932191714426,1.29373511619906,1.70638792560032,KI
k127_518379,metabat.174,PL_SUB,0.131253942906388,0.682733776237375,0.479598298983875,1.28446649898198,1.40428044667225,KI
k127_523515,metabat.174,PL_ALL,0.162186609132126,0.720152938434315,0.549209306333331,1.42163775020514,1.81234251412327,KI
k127_530589,metabat.174,PL_ALL,0.0707733297396052,0.846271289529324,0.638480098355803,1.74522547075982,2.23413394008288,KI
k127_547449,metabat.174,PL_SUB,0.0155917210795926,0.395715613677708,0.165199070901207,1.05675087043881,1.47595643291557,KI
k127_563733,metabat.174,PL_ALL,0.280465623307944,0.772950074683165,0.617731128936359,1.42011172137391,1.49837582584723,KI
k127_587797,metabat.174,PL_ALL,0.201503914176189,0.882380220753231,0.711068210678827,1.68576924570001,1.92293328080491,KI
k127_601578,metabat.174,PL_ALL,0.0890363596754916,0.755063697913147,0.52307492344544,1.43281791932662,1.79552237017553,KI
k127_606507,metabat.174,PL_ALL,0.0376054867157446,0.601551175553021,0.506307529376825,1.66173830747339,1.58402193830546,KI
k127_625335,metabat.174,PL_SUB,0.0532844342069713,0.643478566690067,0.476814826854116,1.15729742971232,1.27879007844436,KI
k127_626002,metabat.174,PL_SUB,0.0157661739028607,0.271278151002051,0.272042043499376,1.19109495245885,1.24419231897264,KI
k127_670434,metabat.174,PL_ALL,0.0524339766935389,0.770389952321385,0.48853566493095,1.60608912276099,1.70068229088569,KI
k127_711161,metabat.174,PL_ALL,0.164716175069514,0.716446363971131,0.53627221195632,1.43582714109207,1.56188250782299,KI
k127_741583,metabat.174,PL_SUB,0.036449736761593,0.765002489438849,0.474491232728404,1.46013115816218,1.42200206970639,KI
k127_749599,metabat.174,PL_ALL,0.179217566003681,0.707912622765194,0.587397333748353,1.40756080354788,1.64433704836038,KI
k127_773959,metabat.174,PL_ALL,0.00598591249838904,0.766407539758614,0.54940293917714,1.61402982717054,1.91441122385137,KI
k127_780885,metabat.174,PL_SUB,0.11022147440112,0.740832175962641,0.471635148282216,1.545235376561,1.4753853095192,KI
k127_782716,metabat.174,PL_ALL,0.187122459558019,0.740383939050813,0.556894109822014,1.4916583783668,1.50187535646219,KI
k127_807418,metabat.174,PL_ALL,0.0916749586274226,0.754201703851941,0.514639792686996,1.53178490489762,2.01997386494544,KI
k127_830225,metabat.174,PL_SUB,0.0328952604875041,0.594663843003987,0.390660313411701,1.26943109912896,1.54322581020853,KI
k127_883762,metabat.174,PL_ALL,0.100811925246093,0.851822531283488,0.610996336587616,1.59658490811031,1.82165966443253,KI
k127_902408,metabat.174,PL_ALL,0.0663792992535382,0.869545129181878,0.527988356857102,1.59446453120796,1.68654418720126,KI
k127_936393,metabat.174,PL_SUB,0.0303656945501156,0.611869244465653,0.34873880272698,1.18931726273264,1.4525963661546,KI
k127_938585,metabat.174,PL_ALL,0.195943230434516,0.895189452502748,0.652560836716563,1.75467614053922,1.90928231178209,KI
k127_938649,metabat.174,PL_ALL,0.0432097836632345,0.853891317030382,0.629064701325574,1.63574762695824,1.81711867350656,KI
k127_962799,metabat.174,PL_ALL,0.11802823824237,0.696680840147684,0.512987862488247,1.26689842671782,1.36066229708742,KI
k127_983972,metabat.174,PL_ALL,0.133554539513237,0.653856975186984,0.547648141530118,1.17637546734633,1.84203533148506,KI
k127_992151,metabat.174,PL_SUB,0.0716237872530375,0.708533258489262,0.473535170562096,1.43824736927354,1.47746823014123,KI
k127_993528,metabat.174,PL_ALL,0.0616799763267519,0.849038290465794,0.535697364451261,1.61489725408514,1.72204902500837,KI
k127_999222,metabat.174,PL_SUB,0,0.400818618520046,0.506452754009682,1.29614998989341,1.25190248482352,KI
k127_1015089,metabat.174,PL_ALL,0.0715583674443119,0.727290249261099,0.538650265319353,1.36117488156544,1.60430241812526,KI
k127_1019241,metabat.174,PL_ALL,0.0596192523518966,0.937427161501828,0.655519788611024,1.7423233387369,1.91105727370999,KI
k127_1029594,metabat.174,PL_ALL,0.158806585681305,0.904447268720097,0.640240947029194,1.53972560930717,1.71100730601206,KI
k127_1064263,metabat.174,PL_SUB,0.00685817661472988,0.528807496727871,0.324613360593611,1.1944200889648,2.03503584471222,KI
k127_1069593,metabat.174,PL_ALL,0.060807712210411,0.773760349100699,0.578363151379374,1.33267294658765,1.36727501013744,KI
k127_1071137,metabat.174,PL_ALL,0.297758259414401,0.98922438463968,0.743150752487486,1.75124391429072,1.94777714854662,KI
k127_1071439,metabat.174,PL_ALL,0.0325245482380592,0.761968270343405,0.585182658097284,1.57586304292826,1.7612773633898,KI
k127_1072151,metabat.174,PL_ALL,0.0343235929780122,0.891853535485882,0.652131213844361,1.69629616739198,2.02727528562049,KI
k127_1083133,metabat.174,PL_SUB,0.0200511713743851,0.656787754995083,0.434451591244455,1.44501544100225,1.52265976869054,KI
k127_1096200,metabat.174,PL_ALL,0.132169820228546,0.66142528304437,0.500776891275521,1.13655414658176,1.28251917826766,KI
k127_1104811,metabat.174,PL_ALL,0.159548010180195,0.767674671028586,0.535884946268701,1.50916219678543,1.6029306021242,KI
k127_1105001,metabat.174,PL_ALL,0.0344217226911005,0.786405801978587,0.523728434293296,1.56246611613615,1.68373896346031,KI
k127_1106153,metabat.174,PL_ALL,0.103112521852942,0.931919019450724,0.653105429089777,1.65975179274922,2.07335710475825,KI
k127_1128109,metabat.174,PL_ALL,0.0984459088305184,0.777423823860823,0.532296687631859,1.36253492129573,1.28223361656948,KI
k127_1150054,metabat.174,PL_ALL,0.065659681357557,0.776898007483488,0.524751057749664,1.50506065964604,1.66989761997203,KI
k127_1170045,metabat.174,PL_ALL,0.0598591249838904,0.772113940443796,0.539582123380186,1.64005798909559,1.71923820201844,KI
k127_1173474,metabat.174,PL_ALL,0.071896369789394,0.686242092066482,0.582005869253537,1.33755623884761,1.56852881636692,KI
k127_1201789,metabat.174,PL_SUB,0.140892461391955,0.569769454516366,0.460271320761156,1.16255553607117,1.36228607929276,KI
k127_1233853,metabat.174,PL_ALL,0.0433733331850484,0.808464230004841,0.529773409635969,1.64527861404455,1.99375818120267,KI
k127_1276857,metabat.174,PL_SUB,0.0168674073497411,0.683000994396349,0.447261614067717,1.56511658726408,1.64654875170903,KI
k127_1310961,metabat.174,PL_ALL,0.121037549443746,0.846150610360755,0.628120741212004,1.54440543105629,1.67657192476088,KI
k127_1321391,metabat.174,PL_ALL,0.0580055637366661,0.755632613993543,0.634189920660152,1.42132718995177,1.48494882678376,KI
k127_1323442,metabat.174,PL_ALL,0.249227664641487,0.724393949215448,0.499106807997666,1.59529447671267,1.69431034554197,KI
k127_1331542,metabat.174,PL_SUB,0.0698138392116302,0.521799485010268,0.472554904290311,1.19527680690515,1.48921545450952,KI
k127_1343470,metabat.174,PL_ALL,0.0760178177391045,0.912998249807258,0.641269621511931,1.62745352639829,1.78047718815571,KI
k127_1362168,metabat.174,PL_ALL,0.166013667942571,0.820514906980497,0.593787217594061,1.58231519991647,1.83682802993,KI
k127_1378605,metabat.174,PL_ALL,0.102305677545327,0.738418592591264,0.580202663395562,1.41889625279605,1.68149926386674,KI
k127_1387010,metabat.174,PL_SUB,0.110919285694193,0.729634873107578,0.468972696679838,1.35940790081348,1.58440268723637,KI
k127_1416217,metabat.174,PL_ALL,0.318529048684768,0.963131824406983,0.721820884536614,1.72275804277432,1.98135584470326,KI
k127_1430747,metabat.174,PL_SUB,0.101029991275178,0.810800233910708,0.478188409839889,1.57063706349217,1.83217505402435,KI
k127_1441611,metabat.174,PL_ALL,0.0820146335389478,0.885405819908063,0.661613172164649,1.76379483211675,1.99754887276479,KI
k127_1473109,metabat.174,PL_ALL,0.0767156290321772,0.725643840604196,0.520975217295382,1.6310249693121,1.64690150439502,KI
k127_1496652,metabat.174,PL_ALL,0.0438312718461274,0.949012361684433,0.588728559549542,1.71575437361202,1.88330739574562,KI
k127_1547405,metabat.174,PL_ALL,0.0324700317307879,0.880578653165311,0.632187030932,1.78399731204746,1.91144362188988,KI
k127_1559934,metabat.174,PL_ALL,0.13197356080237,0.800964881672351,0.561958818892902,1.55869655719864,1.96791204789284,KI
k127_1572149,metabat.174,PL_SUB,0.141721112302479,0.662218317580679,0.445234520234088,1.46695812924929,1.9118915618086,KI
k127_1643179,metabat.174,PL_ALL,0.0660849101142731,0.937263382630199,0.700854078167885,1.68658848223047,1.95208297101526,KI
k127_1645742,metabat.174,PL_ALL,0.0298641426832196,0.833367238433074,0.534075689384358,1.64280484099181,1.71254150023366,KI
k127_1673832,metabat.174,PL_ALL,0.0587906014413728,0.678932382427458,0.482684322432087,1.25133293263921,1.48243476398998,KI
k127_1683743,metabat.174,PL_ALL,0.135985975737537,0.797413466140184,0.57478699479527,1.50135535455406,1.80746556825826,KI
k127_1703446,metabat.174,PL_ALL,0.306469997276355,0.853244821484478,0.69482120487795,1.28444508103347,1.58360759388065,KI
k127_1728476,metabat.174,PL_ALL,0.135081001716834,0.763571579297247,0.527159366244543,1.48410855151753,1.59319910739012,KI
k127_1745628,metabat.174,PL_ALL,0.327426142671444,0.917118581419821,0.698669657648661,1.64340989803718,1.69314010250433,KI
k127_1752860,metabat.174,PL_SUB,0,0.414438124687096,0.186674163484936,0.913630784017391,1.26059811849556,KI
k127_1771979,metabat.174,PL_ALL,0.184243987974095,0.766416159699226,0.556688374925466,1.37188385581973,1.58594807995593,KI
k127_1783685,metabat.174,PL_ALL,0.101902255391519,0.818394401589931,0.569722285724382,1.42810061616761,1.53573961431701,KI
k127_1820332,metabat.174,PL_SUB,0.0402767955720384,0.622316612487467,0.46693955181984,1.42339937646997,1.48359380852965,KI
k127_1856855,metabat.174,PL_ALL,0.0803573317179002,0.783595701339056,0.535903099347808,1.5777049865,1.84582602304718,KI
k127_1886046,metabat.174,PL_ALL,0.154728750937411,1.02509195752645,0.729269697996904,1.72136052163414,1.8201702642028,KI
k127_1933624,metabat.174,PL_ALL,0.08537285038686,0.721359730120003,0.653232500643527,1.69781684173609,1.95644478597375,KI
k127_1954623,metabat.174,PL_ALL,0.0322301590987942,0.841719960886157,0.565565230608851,1.59733453630811,1.65465086498878,KI
k127_1967734,metabat.174,PL_ALL,0.0689524783967437,0.749822774021016,0.711612803052041,1.64237112753451,1.48281551292088,KI
k127_1970765,metabat.174,PL_ALL,0.111617096987265,0.890327805997548,0.756378296130211,1.8678432259714,1.81588123948111,KI
k127_1972508,metabat.174,PL_ALL,0.00497190546314281,0.785069711183718,0.605042126640479,1.45855158445967,1.84713624730942,KI
k127_2006090,metabat.174,PL_ALL,0.0390774324120698,0.738496172056773,0.661268263661614,1.68441991494397,1.7257333308398,KI
k127_2025612,metabat.174,PL_ALL,0.339452484175493,0.879578740054313,0.851554889888868,1.50944598460317,1.93230082435503,KI
k127_2034354,metabat.174,PL_SUB,0.0499480239619675,0.676656718105875,0.448175319049442,1.50002744174653,1.49830303561044,KI
k127_2075558,metabat.174,PL_ALL,0.228042549915859,0.927514229797962,0.632066010404619,1.59517667799587,1.9583093358854,KI
k127_2099402,metabat.174,PL_ALL,0,0.766442019521062,0.559084581367607,1.54925659639349,1.60996325884802,KI
k127_2129803,metabat.174,PL_ALL,0.0329170670904126,0.720161558374927,0.52269370878419,1.58596160565005,1.57783476817821,KI
k127_2143603,metabat.174,PL_ALL,0.0555850308138202,0.801076940900308,0.531703687047693,1.49652025267825,1.62526040707212,KI
k127_2171585,metabat.174,PL_SUB,0.128658957160274,0.663399249444531,0.421314812997266,1.39405678701323,1.65963419658448,KI
k127_2183751,metabat.174,PL_ALL,0.0641441224554148,0.752779413650952,0.519135705279194,1.44013750322943,1.61564649656671,KI
k127_2240160,metabat.174,PL_ALL,0.0276834823923675,0.763588819178471,0.539061735112448,1.63040384880535,1.6993888643704,KI
k127_2253810,metabat.174,PL_ALL,0.159231814438021,0.93500495818984,0.664796012034765,1.69275149691381,1.86131354573674,KI
k127_2288365,metabat.174,PL_ALL,0.0248486240142598,0.747538489758821,0.504728211494506,1.53385709141582,1.61749984798039,KI
k127_2297331,metabat.174,PL_ALL,0.0514853894670183,0.902619841310341,0.603837972393039,1.68382556687286,1.78735866515696,KI
k127_2328772,metabat.174,PL_ALL,0.0745240654398708,0.884061109172582,0.617313608116895,1.6352282417069,1.87770814676169,KI
k127_2331893,metabat.174,PL_SUB,0.115923901061698,0.44483203528521,0.186153775217199,1.33022594597055,1.51101333080397,KI
k127_2335516,metabat.174,PL_ALL,0.149102647387013,0.886931549396397,0.67676494219273,1.64585154416716,1.75123231071263,KI
k127_2336699,metabat.174,PL_ALL,0.294792561418842,0.972363780802496,0.896157005255074,1.74121495990158,2.07355867772167,KI
k127_2362626,metabat.174,PL_ALL,0.0536006299491448,0.835306725070787,0.608182609326011,1.59382734723983,1.857388472199,KI
k127_2380597,metabat.174,PL_ALL,0.109839858850221,0.838961579890299,0.551986727436721,1.52222179088854,1.71567148041567,KI
k127_2454537,metabat.174,PL_ALL,0.0800847491815437,0.650796896269703,0.545772323355715,1.38661940439362,1.49081124046994,KI
k127_2459094,metabat.174,PL_ALL,0.207457116770215,0.756132570549042,0.613229165317792,1.40627037215024,1.57902740821179,KI
k127_2475050,metabat.174,PL_SUB,0.0161477894537599,0.623161366667448,0.434554458692729,1.60036517602207,1.48713253388749,KI
k127_2475065,metabat.174,PL_SUB,0.0485196914714594,0.603611341359303,0.439461841078022,1.25826163898174,1.51648379706127,KI
k127_2498594,metabat.174,PL_ALL,0.120546900878305,0.667717839691172,0.590961388279719,1.22750546492342,1.36534886848697,KI
k127_2530960,metabat.174,PL_ALL,0,0.769821036240989,0.587929824068829,1.6162305213798,1.59842320669213,KI
k127_2549682,metabat.174,PL_ALL,0.298695943339468,0.797973762279967,0.700787516877825,1.48402287972349,1.88781479117769,KI
k127_2558056,metabat.174,PL_ALL,0.236852417490902,0.758434094692461,0.573135064596522,1.58793741139997,1.58099834385414,KI
k127_2603210,metabat.174,PL_ALL,0.0196041360147605,0.800318386126447,0.536598967380248,1.59471619210293,1.55482745410324,KI
k127_2619330,metabat.174,PL_SUB,0.00664011058564467,0.59090554889713,0.352127377493643,1.2878826617691,1.30961394410091,KI
k127_2632415,metabat.174,PL_ALL,0.192388754160427,0.929470956316899,0.759791075002351,1.44636477175829,1.89639284062107,KI
k127_2642264,metabat.174,PL_SUB,0.0149375229923369,0.671838171303735,0.458062696136456,1.43242168727921,1.60533827918729,KI
k127_2670341,metabat.174,PL_ALL,0.052521203105173,0.712541530873869,0.539194857692567,1.56904142632828,1.68265830840641,KI
k127_2689987,metabat.174,PL_ALL,0.180929384331999,0.728703919521476,0.517647152792409,1.36934047443433,1.56785690648885,KI
k127_2697790,metabat.174,PL_ALL,0.0679929878687687,0.76249408672074,0.592746441058586,1.48885798159931,1.62074741239107,KI
k127_2714332,metabat.174,PL_ALL,0.231553412984131,0.780716641174629,0.542764963250301,1.46479491644992,1.71097930976714,KI
k127_2748503,metabat.174,PL_ALL,0.141317690148671,0.942909443731097,0.727871910905656,1.67775893295781,1.9979632171896,KI
k127_2837898,metabat.174,PL_ALL,0.0893743620205737,0.768967662120395,0.569770693935335,1.5901327511221,1.84215851496271,KI
k127_2848729,metabat.174,PL_ALL,0.0645911578150394,0.847900458305002,0.565365546738672,1.60213751126116,1.63374886853176,KI
k127_2885346,metabat.174,PL_ALL,0.0415633851436412,0.678242787178493,0.51366557744158,1.36876754431173,1.63243304502054,KI
k127_2899000,metabat.174,PL_ALL,0.283016995848241,0.873760280141174,0.578520478064969,1.58584916142038,1.95349398175921,KI
k127_2907051,metabat.174,PL_ALL,0.132376982956177,0.635832679367172,0.498665083072726,1.47626422787626,1.82702374495914,KI
k127_2972611,metabat.174,PL_SUB,0.0468623896504118,0.68200108128535,0.478339685499115,1.39437805624086,1.42926429563855,KI
k127_2991024,metabat.174,PL_SUB,0,0.642521753282129,0.452840660379973,1.25633402361597,1.44171142612984,KI
k127_3045935,metabat.174,PL_ALL,0.241540837116234,0.915653191515772,0.656360881276321,1.60883062017009,1.65909666868202,KI
k127_3069802,metabat.174,PL_ALL,0.0867793762744597,0.764149115318255,0.498846613863797,1.60461663880102,1.91182997006977,KI
k127_3097280,metabat.174,PL_ALL,0.207806022416752,1.03585826335091,1.03519143813655,1.59434137800403,1.99717932233185,KI
k127_3106075,metabat.174,PL_SUB,0,0.643771644670877,0.361633539919408,1.34082783048229,1.71679692946145,KI
k127_3122819,metabat.174,PL_ALL,0.15910097482057,0.805964447227344,0.579942469261694,1.59628505683119,1.65571472229573,KI
k127_3130487,metabat.174,PL_ALL,0.120525094275396,0.665381835785304,0.581533889196752,1.49576526999332,1.53835446359251,KI
k127_3131645,metabat.174,PL_SUB,0.110166957893849,0.669536647160316,0.408643963780493,1.27396099523852,1.38098197165011,KI
k127_3131676,metabat.174,PL_ALL,0.0794087444913795,0.764261174546212,0.541149339209767,1.44199015577542,1.39998582270157,KI
k127_3138848,metabat.174,PL_SUB,0.00438312718461274,0.377389619936474,0.284658433478828,1.00966886512984,2.18381908871327,KI
k127_3160566,metabat.174,PL_ALL,0.04394030486067,0.92142855172585,0.641408795118419,1.74958937776844,1.86787026629692,KI
k127_3164944,metabat.174,PL_SUB,0.0330915199136807,0.75558089434987,0.479422819219173,1.35850299248899,1.44627481405174,KI
k127_3243237,metabat.174,PL_ALL,0.0486505310889105,0.811429489575389,0.599868499094948,1.52421366009983,1.69824661757768,KI
k127_3265177,metabat.174,PL_ALL,0.0231259023844866,0.659658195218898,0.530886798487873,1.31768038263165,1.58085276338055,KI
k127_3281123,metabat.174,PL_SUB,0.0497190546314281,0.515903445631621,0.292373492099356,1.45358262040568,1.32693242120821,KI
k127_3339746,metabat.174,PL_ALL,0.0513218399452044,0.681906261938618,0.574097177789199,1.23134998668071,1.79477207081169,KI
k127_3353659,metabat.174,PL_ALL,0.133118407455067,0.747917767145752,0.559181397789512,1.48589695021799,1.64043437181858,KI
k127_3384629,metabat.174,PL_ALL,0.162579127984479,0.800568364404197,0.542928340962266,1.36831776739305,1.59093141155163,KI
k127_3389146,metabat.174,PL_ALL,0.0671752402596992,0.882974996655463,0.633857114209855,1.72081436394717,1.9490033840741,KI
k127_3410235,metabat.174,PL_SUB,0.0148939097865199,0.551969277152468,0.476427561166497,1.44121375514198,1.60627895301659,KI
k127_3498997,metabat.174,PL_ALL,0.072692310795555,0.970148456065197,0.662315091223458,1.69618907764943,1.89128072629874,KI
k127_3528658,metabat.174,PL_ALL,0.0225044142015938,0.732410493984661,0.516019426699137,1.31101404615836,1.49837022659825,KI
k127_3577623,metabat.174,PL_ALL,0.0528701087517094,0.643392367283946,0.508310419104978,1.39419064919141,1.44186820510139,KI
k127_3590620,metabat.174,PL_ALL,0.015984239931946,0.518136010250144,0.485861111275834,1.48863309313996,1.5306219007457,KI
k127_3620722,metabat.174,PL_SUB,0.0110668509760745,0.4832166308307,0.297922283279768,1.21097616316193,1.44327361659635,KI
k127_3712025,metabat.174,PL_SUB,0.00390338192062527,0.480165171854032,0.269766857584617,1.38369049993508,1.85822276029761,KI
k127_3788435,metabat.174,PL_ALL,0.0728776669202775,0.771812242522374,0.506259121165873,1.36092857515759,1.63506469204299,KI
k127_3805453,metabat.174,PL_SUB,0.0171836030919146,0.626281785169013,0.377922902904868,1.26742316645628,1.4742374634775,KI
k127_3808286,metabat.174,PL_ALL,0.147347215852877,0.852719005107142,0.578284488036576,1.59478580043559,1.84363111744548,KI
k127_3825684,metabat.174,PL_ALL,0.023562034442657,0.668959111139308,0.494211527665111,1.48204171948645,1.56067866929145,KI
k127_3832073,metabat.174,PL_ALL,0.186860780323117,0.83641007746913,0.617616159435347,1.67857281500113,1.87623554427892,KI
k127_3869748,metabat.174,PL_SUB,0,0.611127929573016,0.458655696720622,1.7180193216668,1.75463665409486,KI
k127_3880129,metabat.174,PL_ALL,0.0811314661211527,0.653848355246372,0.513744240784378,1.33967661574996,1.42165491626939,KI
k127_3907121,metabat.174,PL_ALL,0.00459028991224369,0.709602131125157,0.49339463910529,1.47345847662164,1.70435539821915,KI
k127_3944147,metabat.174,PL_SUB,0.123796084711674,0.686095553076078,0.461421015771274,1.28500194769469,1.70945071479453,KI
k127_3960697,metabat.174,PL_SUB,0.0481598825234688,0.533686383114295,0.430209821759757,1.27515504586788,1.41571411309744,KI
k127_3971793,metabat.174,PL_ALL,0.217804349850309,0.75591707203374,0.61065142808458,1.52054048193061,1.83312692635162,KI
k127_3993075,metabat.174,PL_ALL,0.116992424604216,0.9452713074588,0.607825598770238,1.71394991145017,1.7905166415839,KI
k127_4012055,metabat.174,PL_SUB,0,0.562132187134084,0.335608075506159,1.46129308186877,1.82496322133305,KI
k127_4030453,metabat.174,PL_ALL,0.00674914360018727,0.690095205520072,0.482508842667384,1.41304915285321,1.49214386172811,KI
k127_4045370,metabat.174,PL_ALL,0.0469169061576831,0.702964776853873,0.530130420191742,1.27410556639096,1.56448615860052,KI
k127_4061305,metabat.174,PL_SUB,0.0251648197564333,0.562028747846739,0.337653322418895,1.24243912952103,1.50166818424978,KI
k127_4111693,metabat.174,PL_ALL,0.1137541440723,0.765123168607418,0.598773263322151,1.37006868468362,1.54835472227781,KI
k127_4129799,metabat.174,PL_SUB,0.0741315465875174,0.449383363928376,0.287369293292159,1.16014601686396,1.65172245777018,KI
k127_4165550,metabat.174,PL_ALL,0.0724960513693784,0.860295932905141,0.637469576952173,1.54159432531454,1.72498863072494,KI
k127_4186668,metabat.174,PL_ALL,0.128593537351549,0.848986570822122,0.719091871644176,1.59364529467751,1.79698937340932,KI
k127_4284482,metabat.174,PL_ALL,0.138908060527279,1.27674250375485,0.79426982325315,2.70608818572574,3.48834331548778,KI
k127_4317811,metabat.174,PL_ALL,0.0305292440719295,0.713325945469566,0.518119132849195,1.32237091335503,1.5167861565064,KI
k127_4321511,metabat.174,PL_ALL,0.0541894082276749,0.816791092636088,0.549082234779581,1.52733532609496,1.57574624830721,KI
k127_4323376,metabat.174,PL_ALL,0.193391857894219,0.591836502483232,0.567495508020575,1.65352987870748,2.27222563092058,KI
k127_4368205,metabat.174,PL_ALL,0.0710350089745074,0.81642043518977,0.597786946023998,1.66092442543007,2.12601244220315,KI
k127_4375249,metabat.174,PL_SUB,0.0373110975764796,0.620084047868944,0.390309353882296,1.4744169298174,1.70310116644675,KI
k127_4411879,metabat.174,PL_ALL,0.057918337325032,0.741633830439562,0.532865484110549,1.67315407402846,1.61255011187859,KI
k127_4578058,metabat.174,PL_ALL,0.0833121264120048,0.696741179731968,0.532266432500014,1.74268744386155,1.61326121649955,KI
k127_4580611,metabat.174,PL_ALL,0.191069454684462,0.734694778246856,0.574393678081282,1.37410061349036,1.49104080967828,KI
k127_4587950,metabat.174,PL_ALL,0.0567516840694261,0.717566956250698,0.612751134234638,1.7318874433261,1.88008782757986,KI
k127_4594101,metabat.174,PL_ALL,0.105762024106327,0.886009215750907,0.681726783815344,1.48306978101486,1.670255971907,KI
k127_4606127,metabat.174,PL_ALL,0.211491338308292,0.771346765729323,0.494175221506897,1.43566650647826,1.63004776495338,KI
k127_4684625,metabat.174,PL_SUB,0.0299949823006708,0.649003948622396,0.424806255212203,1.28254959259046,1.49882936501493,KI
k127_4686934,metabat.174,PL_SUB,0.0435695926112251,0.723678494144647,0.440048790635819,1.39928812093645,1.56202808829657,KI
k127_4691456,metabat.174,PL_ALL,0.0495336985067056,0.739496085167772,0.535273792605428,1.43025847447985,1.47983671246143,KI
k127_4713345,metabat.174,PL_SUB,0.0719726928995738,0.500965088550926,0.29190756306894,0.969397767446592,1.16767298235822,KI
k127_4735455,metabat.174,PL_SUB,0.0219156359230637,0.309723086131826,0.168811533643525,1.08108165994455,1.39197889665455,KI
k127_4771801,metabat.174,PL_SUB,0.05691523359124,0.576130970688064,0.372870295886718,1.39374087227273,1.60145799964142,KI
k127_4826659,metabat.174,PL_SUB,0.153921906629796,0.635893018951457,0.455206611690268,1.33018846456066,1.50597960596741,KI
k127_4850481,metabat.174,PL_ALL,0.0543311511465803,0.871450136057143,0.577522058714077,1.71445323324012,2.07091023295227,KI
k127_4885414,metabat.174,PL_ALL,0.0216212467837987,0.721213191129598,0.598095548368819,1.61603775984322,1.72142190912217,KI
k127_5001765,metabat.174,PL_ALL,0.198036664313734,0.728066043916184,0.685653899928852,1.7223403927784,1.98857327664355,KI
k127_5083668,metabat.174,PL_SUB,0.0101836835582793,0.627152399170831,0.428158523820652,1.3216748300285,1.56581318060971,KI
k127_5087105,metabat.174,PL_ALL,0.0112631104022511,0.890370905700608,0.619522232741595,1.58679155115476,2.01725822918824,KI
k127_5109209,metabat.174,PL_SUB,0.187340525587105,0.493336441109255,0.369154965696126,1.35001077590534,2.14046410383068,KI
k127_5172401,metabat.174,PL_ALL,0.0454013472555409,0.817497927766277,0.527607142195852,1.52337300562087,1.73683664157494,KI
k127_5255520,metabat.174,PL_SUB,0.0416179016509125,0.497353333434474,0.212215545788661,1.20845419972505,1.72246896868217,KI
k127_5312594,metabat.174,PL_ALL,0.0588124080442814,0.812463882448835,0.638346975775684,1.64736150953701,1.74342135838004,KI
k127_5359573,metabat.174,PL_ALL,0.0404076351894896,0.710464125186363,0.584668320855915,1.46053809918384,1.46498750415604,KI
k127_5420636,metabat.174,PL_ALL,0.0639805729336009,0.808688348460754,0.51171109592438,1.72824639207964,1.81452062197802,KI
k127_5477419,metabat.174,PL_ALL,0.369687339108158,0.745254205496626,0.666224054257859,1.49906363406364,1.99754887276479,KI
k127_5573331,metabat.174,PL_SUB,0.151228791170594,0.622463151477872,0.442463150157066,1.11534502307115,2.00401600534124,KI
k127_5577495,metabat.174,PL_ALL,0.0102382000655506,0.719756421166161,0.496214417393264,1.35001613039247,1.69219942867503,KI
k127_5622909,metabat.174,PL_ALL,0.101215347399901,0.831151913695775,0.582725941391453,1.60628723878469,1.7316573362648,KI
k127_5638489,metabat.174,PL_ALL,0,0.716722202070717,0.675252185600469,1.83627852435689,2.41902114153233,KI
k127_5668590,metabat.174,PL_ALL,0.0366896093935867,0.731074403189792,0.620563009277071,1.52009605949906,1.7112032797265,KI
k127_5756951,metabat.174,PL_SUB,0.0053317144111334,0.445090633503571,0.21014004374408,1.17689485259766,1.50245207910753,KI
k127_5770883,metabat.174,PL_ALL,0.0733247022799021,0.747650548986778,0.549160898122379,1.49253651425565,1.72437271333671,KI
k127_5773773,metabat.174,PL_ALL,0.0921547038914101,0.733867263948098,0.509163613823013,1.47765639452932,1.48254674896965,KI
k127_5821299,metabat.174,PL_SUB,0.0512128069306618,0.618480738915101,0.389141505793071,1.29852738217786,1.41435349559434,KI
k127_5894392,metabat.174,PL_ALL,0.0550943822483785,0.699068563697223,0.546837303996667,1.52612521200422,1.69214903543418,KI
k127_5927406,metabat.174,PL_SUB,0.376054867157446,0.464899257030079,0.483979242075062,1.36421087576653,1.87755136779014,KI
k127_125113,maxbin2.096_sub,PL_SUB,0.0879569328315198,0.334186477588844,0.328794619814618,0.836290571952929,0.485096534971957,KI
k127_385148,maxbin2.096_sub,PL_SUB,0.00912606331721607,0.258468919252534,0.102837193141864,0.623283719548028,0.866780540459669,KI
k127_1089035,maxbin2.096_sub,PL_ALL,0.125486096437085,0.934901518902495,0.872110226464503,1.48701603802757,1.05301716091424,KI
k127_1123245,maxbin2.086_sub,PL_SUB,0.128364568021009,0.725143884048696,0.639787120051516,1.20474354014594,0.438242019474412,KI
k127_2123543,maxbin2.086_sub,PL_SUB,0.295893794865723,0.252641839398783,0.427087492153332,0.834202321973343,0.657295838223811,KI
k127_5467504,maxbin2.086_sub,PL_SUB,0.306688063305441,0.871001899145316,1.20058414188156,1.67333612659078,0.195436186535172,KI
k127_5576248,maxbin2.086_sub,PL_SUB,0.0136509334207342,0.48082890728116,0.394254623074911,0.873188342746076,0.0492565933116523,KI
k127_400278,maxbin2.064_sub,PL_SUB,0,0.279372275236773,0.573310544361224,0.773878669998943,0.459272798658062,KI
k127_752238,maxbin2.064_sub,PL_ALL,0,1.0490036727843,1.31406509040657,2.01911819628747,0.749980206654842,KI
k127_1487208,metabat.100,PL_ALL,0.0644821248004969,0.645495632793288,0.645995473106153,1.1076613340437,0.548524827461942,KI
k127_5092299,maxbin2.011,PL_SUB,0.0374855503997477,1.56488125859408,0.534420597887393,4.18129757963796,0.187535646218844,KI
